timestamp,data_type,last_sync_date,records_added,status,error_message
2025-10-26T23:48:29.112404,activities,2025-10-26,17,success,
2025-10-26T23:48:52.237877,health,2025-10-26,31,success,
2025-10-26T23:49:03.555477,physiological,2025-10-26,31,success,
2025-10-26T23:49:03.599787,eufy_body_composition,2025-10-26,0,success,
2025-10-26T23:49:04.909968,weekly_training_zones,2025-10-26,1,success,
2025-10-26T23:49:04.917785,recovery_trends,2025-10-26,1,success,
2025-10-26T23:49:04.919777,telegram_data,2025-10-26,0,failed,'food'
2025-10-27T21:19:52.933883,activities,2025-10-27,0,success,
2025-10-27T21:20:03.178951,health,2025-10-27,1,success,
2025-10-27T21:20:08.647400,physiological,2025-10-27,1,success,
2025-10-27T21:20:08.749995,eufy_body_composition,2025-10-27,0,success,
2025-10-27T21:20:08.822002,weekly_training_zones,2025-10-27,1,success,
2025-10-27T21:20:08.831443,recovery_trends,2025-10-27,1,success,
2025-10-27T21:20:08.833357,telegram_data,2025-10-27,0,failed,'food'
2025-10-28T21:20:55.873170,activities,2025-10-28,0,success,
2025-10-28T21:21:07.714663,health,2025-10-28,1,success,
2025-10-28T21:21:12.711011,physiological,2025-10-28,1,success,
2025-10-28T21:21:12.899123,eufy_body_composition,2025-10-28,0,success,
2025-10-28T21:21:12.993879,weekly_training_zones,2025-10-28,0,success,
2025-10-28T21:21:13.003336,recovery_trends,2025-10-28,1,success,
2025-10-28T21:21:13.005183,telegram_data,2025-10-28,0,failed,'food'
2025-10-29T21:21:11.972710,activities,2025-10-29,0,success,
2025-10-29T21:21:20.818247,health,2025-10-29,1,success,
2025-10-29T21:21:23.905407,physiological,2025-10-29,1,success,
2025-10-29T21:21:24.015037,eufy_body_composition,2025-10-29,0,success,
2025-10-29T21:21:24.233974,weekly_training_zones,2025-10-29,0,success,
2025-10-29T21:21:24.246533,recovery_trends,2025-10-29,1,success,
2025-10-29T21:21:24.249452,telegram_data,2025-10-29,0,failed,'food'
2025-10-30T21:20:32.752509,activities,2025-10-30,1,success,
2025-10-30T21:20:42.987179,health,2025-10-30,1,success,
2025-10-30T21:20:47.324672,physiological,2025-10-30,1,success,
2025-10-30T21:20:47.560770,eufy_body_composition,2025-10-30,0,success,
2025-10-30T21:20:48.177640,weekly_training_zones,2025-10-30,0,success,
2025-10-30T21:20:48.186578,recovery_trends,2025-10-30,1,success,
2025-10-30T21:20:48.188342,telegram_data,2025-10-30,0,failed,'food'
2025-10-31T21:18:47.080665,activities,2025-10-31,0,success,
2025-10-31T21:18:58.836201,health,2025-10-31,1,success,
2025-10-31T21:19:04.532141,physiological,2025-10-31,1,success,
2025-10-31T21:19:04.588939,eufy_body_composition,2025-10-31,0,success,
2025-10-31T21:19:05.354979,weekly_training_zones,2025-10-31,0,success,
2025-10-31T21:19:05.364384,recovery_trends,2025-10-31,1,success,
2025-10-31T21:19:05.366271,telegram_data,2025-10-31,0,failed,'food'
2025-11-01T21:18:04.893140,activities,2025-11-01,1,success,
2025-11-01T21:18:13.689662,health,2025-11-01,1,success,
2025-11-01T21:18:17.542064,physiological,2025-11-01,1,success,
2025-11-01T21:18:17.628475,eufy_body_composition,2025-11-01,0,success,
2025-11-01T21:18:18.225521,weekly_training_zones,2025-11-01,0,success,
2025-11-01T21:18:18.235209,recovery_trends,2025-11-01,1,success,
2025-11-01T21:18:18.237200,telegram_data,2025-11-01,0,failed,'food'
2025-11-02T21:18:37.241225,activities,2025-11-02,0,success,
2025-11-02T21:18:46.765413,health,2025-11-02,1,success,
2025-11-02T21:18:51.504326,physiological,2025-11-02,1,success,
2025-11-02T21:18:51.687797,eufy_body_composition,2025-11-02,0,success,
2025-11-02T21:18:52.504240,weekly_training_zones,2025-11-02,0,success,
2025-11-02T21:18:52.513946,recovery_trends,2025-11-02,1,success,
2025-11-02T21:18:52.515963,telegram_data,2025-11-02,0,failed,'food'
2025-11-03T21:21:16.867124,activities,2025-11-03,1,success,
2025-11-03T21:21:29.060033,health,2025-11-03,1,success,
2025-11-03T21:21:34.252239,physiological,2025-11-03,1,success,
2025-11-03T21:21:34.463889,eufy_body_composition,2025-11-03,0,success,
2025-11-03T21:21:34.563946,weekly_training_zones,2025-11-03,1,success,
2025-11-03T21:21:34.572770,recovery_trends,2025-11-03,1,success,
2025-11-03T21:21:34.574554,telegram_data,2025-11-03,0,failed,'food'
2025-11-04T21:21:07.282114,activities,2025-11-04,0,success,
2025-11-04T21:21:18.472049,health,2025-11-04,1,success,
2025-11-04T21:21:23.262118,physiological,2025-11-04,1,success,
2025-11-04T21:21:23.337983,eufy_body_composition,2025-11-04,0,success,
2025-11-04T21:21:23.403553,weekly_training_zones,2025-11-04,0,success,
2025-11-04T21:21:23.413170,recovery_trends,2025-11-04,1,success,
2025-11-04T21:21:23.415193,telegram_data,2025-11-04,0,failed,'food'
2025-11-05T21:22:05.294770,activities,2025-11-05,0,success,
2025-11-05T21:22:17.532513,health,2025-11-05,1,success,
2025-11-05T21:22:21.987595,physiological,2025-11-05,1,success,
2025-11-05T21:22:22.044525,eufy_body_composition,2025-11-05,0,success,
2025-11-05T21:22:22.133865,weekly_training_zones,2025-11-05,0,success,
2025-11-05T21:22:22.143583,recovery_trends,2025-11-05,1,success,
2025-11-05T21:22:22.145581,telegram_data,2025-11-05,0,failed,'food'
2025-11-06T21:20:45.900331,activities,2025-11-06,1,success,
2025-11-06T21:20:55.836067,health,2025-11-06,1,success,
2025-11-06T21:20:59.832952,physiological,2025-11-06,1,success,
2025-11-06T21:21:00.009795,eufy_body_composition,2025-11-06,0,success,
2025-11-06T21:21:00.292198,weekly_training_zones,2025-11-06,0,success,
2025-11-06T21:21:00.301922,recovery_trends,2025-11-06,1,success,
2025-11-06T21:21:00.303912,telegram_data,2025-11-06,0,failed,'food'
2025-11-07T21:17:11.641301,activities,2025-11-07,1,success,
2025-11-07T21:17:21.591500,health,2025-11-07,1,success,
2025-11-07T21:17:25.496526,physiological,2025-11-07,1,success,
2025-11-07T21:17:25.609510,eufy_body_composition,2025-11-07,0,success,
2025-11-07T21:17:26.122351,weekly_training_zones,2025-11-07,0,success,
2025-11-07T21:17:26.132027,recovery_trends,2025-11-07,1,success,
2025-11-07T21:17:26.134040,telegram_data,2025-11-07,0,failed,'food'
2025-11-08T21:18:36.417721,activities,2025-11-08,0,success,
2025-11-08T21:18:44.086663,health,2025-11-08,1,success,
2025-11-08T21:18:47.564514,physiological,2025-11-08,1,success,
2025-11-08T21:18:47.722991,eufy_body_composition,2025-11-08,0,success,
2025-11-08T21:18:48.026032,weekly_training_zones,2025-11-08,0,success,
2025-11-08T21:18:48.035075,recovery_trends,2025-11-08,1,success,
2025-11-08T21:18:48.036973,telegram_data,2025-11-08,0,failed,'food'
2025-11-09T21:19:01.110025,activities,2025-11-09,0,success,
2025-11-09T21:19:11.994846,health,2025-11-09,1,success,
2025-11-09T21:19:16.568003,physiological,2025-11-09,1,success,
2025-11-09T21:19:16.685992,eufy_body_composition,2025-11-09,0,success,
2025-11-09T21:19:17.293082,weekly_training_zones,2025-11-09,0,success,
2025-11-09T21:19:17.303017,recovery_trends,2025-11-09,1,success,
2025-11-09T21:19:17.305179,telegram_data,2025-11-09,0,failed,'food'
2025-11-10T21:21:25.151369,activities,2025-11-10,1,success,
2025-11-10T21:21:35.327338,health,2025-11-10,1,success,
2025-11-10T21:21:38.918012,physiological,2025-11-10,1,success,
2025-11-10T21:21:39.050588,eufy_body_composition,2025-11-10,0,success,
2025-11-10T21:21:39.131546,weekly_training_zones,2025-11-10,1,success,
2025-11-10T21:21:39.141265,recovery_trends,2025-11-10,1,success,
2025-11-10T21:21:39.143340,telegram_data,2025-11-10,0,failed,'food'
2025-11-11T21:20:49.505166,activities,2025-11-11,0,success,
2025-11-11T21:21:02.020572,health,2025-11-11,1,success,
2025-11-11T21:21:07.466580,physiological,2025-11-11,1,success,
2025-11-11T21:21:07.665842,eufy_body_composition,2025-11-11,0,success,
2025-11-11T21:21:07.797340,weekly_training_zones,2025-11-11,0,success,
2025-11-11T21:21:07.807293,recovery_trends,2025-11-11,1,success,
2025-11-11T21:21:07.809404,telegram_data,2025-11-11,0,failed,'food'
2025-11-12T21:22:11.169549,activities,2025-11-12,0,success,
2025-11-12T21:22:24.721412,health,2025-11-12,1,success,
2025-11-12T21:22:30.823462,physiological,2025-11-12,1,success,
2025-11-12T21:22:31.011541,eufy_body_composition,2025-11-12,0,success,
2025-11-12T21:22:31.135812,weekly_training_zones,2025-11-12,0,success,
2025-11-12T21:22:31.145868,recovery_trends,2025-11-12,1,success,
2025-11-12T21:22:31.148029,telegram_data,2025-11-12,0,failed,'food'
2025-11-13T21:21:43.327097,activities,2025-11-13,1,success,
2025-11-13T21:21:52.401535,health,2025-11-13,1,success,
2025-11-13T21:21:55.882452,physiological,2025-11-13,1,success,
2025-11-13T21:21:56.034028,eufy_body_composition,2025-11-13,0,success,
2025-11-13T21:21:56.291521,weekly_training_zones,2025-11-13,0,success,
2025-11-13T21:21:56.300868,recovery_trends,2025-11-13,1,success,
2025-11-13T21:21:56.302890,telegram_data,2025-11-13,0,failed,'food'
2025-11-14T21:21:30.326532,activities,2025-11-14,2,success,
2025-11-14T21:21:43.651667,health,2025-11-14,1,success,
2025-11-14T21:21:48.794557,physiological,2025-11-14,1,success,
2025-11-14T21:21:48.903103,eufy_body_composition,2025-11-14,0,success,
2025-11-14T21:21:49.870549,weekly_training_zones,2025-11-14,0,success,
2025-11-14T21:21:49.880249,recovery_trends,2025-11-14,1,success,
2025-11-14T21:21:49.882332,telegram_data,2025-11-14,0,failed,'food'
2025-11-15T21:18:44.491056,activities,2025-11-15,0,success,
2025-11-15T21:18:55.384970,health,2025-11-15,1,success,
2025-11-15T21:18:59.338993,physiological,2025-11-15,1,success,
2025-11-15T21:18:59.401740,eufy_body_composition,2025-11-15,0,success,
2025-11-15T21:19:00.024944,weekly_training_zones,2025-11-15,0,success,
2025-11-15T21:19:00.035105,recovery_trends,2025-11-15,1,success,
2025-11-15T21:19:00.037301,telegram_data,2025-11-15,0,failed,'food'
2025-11-16T21:19:29.840226,activities,2025-11-16,1,success,
2025-11-16T21:19:40.967052,health,2025-11-16,1,success,
2025-11-16T21:19:45.731417,physiological,2025-11-16,1,success,
2025-11-16T21:19:45.787458,eufy_body_composition,2025-11-16,0,success,
2025-11-16T21:19:46.753819,weekly_training_zones,2025-11-16,0,success,
2025-11-16T21:19:46.764305,recovery_trends,2025-11-16,1,success,
2025-11-16T21:19:46.766625,telegram_data,2025-11-16,0,failed,'food'
2025-11-17T21:21:54.556877,activities,2025-11-17,0,success,
2025-11-17T21:22:04.327413,health,2025-11-17,1,success,
2025-11-17T21:22:07.929028,physiological,2025-11-17,1,success,
2025-11-17T21:22:08.087880,eufy_body_composition,2025-11-17,0,success,
2025-11-17T21:22:08.147948,weekly_training_zones,2025-11-17,1,success,
2025-11-17T21:22:08.159077,recovery_trends,2025-11-17,1,success,
2025-11-17T21:22:08.161545,telegram_data,2025-11-17,0,failed,'food'
2025-11-19T21:18:30.687206,activities,2025-11-19,0,success,
2025-11-19T21:18:45.043863,health,2025-11-19,2,success,
2025-11-19T21:18:50.513441,physiological,2025-11-19,2,success,
2025-11-19T21:18:50.582688,eufy_body_composition,2025-11-19,0,success,
2025-11-19T21:18:51.258433,weekly_training_zones,2025-11-19,0,success,
2025-11-19T21:18:51.267974,recovery_trends,2025-11-19,1,success,
2025-11-19T21:18:51.270145,telegram_data,2025-11-19,0,failed,'food'
2025-11-20T21:21:29.199092,activities,2025-11-20,1,success,
2025-11-20T21:21:39.606120,health,2025-11-20,1,success,
2025-11-20T21:21:43.634945,physiological,2025-11-20,1,success,
2025-11-20T21:21:43.759530,eufy_body_composition,2025-11-20,0,success,
2025-11-20T21:21:44.346503,weekly_training_zones,2025-11-20,0,success,
2025-11-20T21:21:44.357356,recovery_trends,2025-11-20,1,success,
2025-11-20T21:21:44.359769,telegram_data,2025-11-20,0,failed,'food'
2025-11-21T21:20:41.803452,activities,2025-11-21,0,success,
2025-11-21T21:20:52.166377,health,2025-11-21,1,success,
2025-11-21T21:20:56.266689,physiological,2025-11-21,1,success,
2025-11-21T21:20:56.343962,eufy_body_composition,2025-11-21,0,success,
2025-11-21T21:20:56.964102,weekly_training_zones,2025-11-21,0,success,
2025-11-21T21:20:56.974319,recovery_trends,2025-11-21,1,success,
2025-11-21T21:20:56.976624,telegram_data,2025-11-21,0,failed,'food'
2025-11-22T21:20:00.128915,activities,2025-11-22,0,success,
2025-11-22T21:20:11.529069,health,2025-11-22,1,success,
2025-11-22T21:20:15.676743,physiological,2025-11-22,1,success,
2025-11-22T21:20:15.778933,eufy_body_composition,2025-11-22,0,success,
2025-11-22T21:20:16.454778,weekly_training_zones,2025-11-22,0,success,
2025-11-22T21:20:16.465022,recovery_trends,2025-11-22,1,success,
2025-11-22T21:20:16.467310,telegram_data,2025-11-22,0,failed,'food'
2025-11-23T21:20:27.564997,activities,2025-11-23,1,success,
2025-11-23T21:20:38.188273,health,2025-11-23,1,success,
2025-11-23T21:20:42.046308,physiological,2025-11-23,1,success,
2025-11-23T21:20:42.165525,eufy_body_composition,2025-11-23,0,success,
2025-11-23T21:20:43.008306,weekly_training_zones,2025-11-23,0,success,
2025-11-23T21:20:43.018852,recovery_trends,2025-11-23,1,success,
2025-11-23T21:20:43.021176,telegram_data,2025-11-23,0,failed,'food'
2025-11-24T21:22:54.417651,activities,2025-11-24,0,success,
2025-11-24T21:23:05.907008,health,2025-11-24,1,success,
2025-11-24T21:23:10.423453,physiological,2025-11-24,1,success,
2025-11-24T21:23:10.534526,eufy_body_composition,2025-11-24,0,success,
2025-11-24T21:23:10.610220,weekly_training_zones,2025-11-24,1,success,
2025-11-24T21:23:10.621068,recovery_trends,2025-11-24,1,success,
2025-11-24T21:23:10.623537,telegram_data,2025-11-24,0,failed,'food'
2025-11-25T21:21:38.709805,activities,2025-11-25,1,success,
2025-11-25T21:21:48.156013,health,2025-11-25,1,success,
2025-11-25T21:21:51.784747,physiological,2025-11-25,1,success,
2025-11-25T21:21:51.951578,eufy_body_composition,2025-11-25,0,success,
2025-11-25T21:21:52.268535,weekly_training_zones,2025-11-25,0,success,
2025-11-25T21:21:52.279402,recovery_trends,2025-11-25,1,success,
2025-11-25T21:21:52.281837,telegram_data,2025-11-25,0,failed,'food'
2025-11-26T21:20:37.956591,activities,2025-11-26,0,success,
2025-11-26T21:20:46.591974,health,2025-11-26,1,success,
2025-11-26T21:20:49.854622,physiological,2025-11-26,1,success,
2025-11-26T21:20:50.043885,eufy_body_composition,2025-11-26,0,success,
2025-11-26T21:20:50.298346,weekly_training_zones,2025-11-26,0,success,
2025-11-26T21:20:50.308755,recovery_trends,2025-11-26,1,success,
2025-11-26T21:20:50.311160,telegram_data,2025-11-26,0,failed,'food'
2025-11-27T21:20:45.025935,activities,2025-11-27,1,success,
2025-11-27T21:20:54.927697,health,2025-11-27,1,success,
2025-11-27T21:20:58.836456,physiological,2025-11-27,1,success,
2025-11-27T21:20:58.927943,eufy_body_composition,2025-11-27,0,success,
2025-11-27T21:20:59.394375,weekly_training_zones,2025-11-27,0,success,
2025-11-27T21:20:59.404748,recovery_trends,2025-11-27,1,success,
2025-11-27T21:20:59.407112,telegram_data,2025-11-27,0,failed,'food'
2025-11-28T21:19:56.201016,activities,2025-11-28,1,success,
2025-11-28T21:20:07.905113,health,2025-11-28,1,success,
2025-11-28T21:20:11.244128,physiological,2025-11-28,1,success,
2025-11-28T21:20:11.334796,eufy_body_composition,2025-11-28,0,success,
2025-11-28T21:20:11.813941,weekly_training_zones,2025-11-28,0,success,
2025-11-28T21:20:11.824702,recovery_trends,2025-11-28,1,success,
2025-11-28T21:20:11.827174,telegram_data,2025-11-28,0,failed,'food'
2025-11-29T21:20:23.883833,activities,2025-11-29,0,success,
2025-11-29T21:20:34.423760,health,2025-11-29,1,success,
2025-11-29T21:20:38.446772,physiological,2025-11-29,1,success,
2025-11-29T21:20:38.565557,eufy_body_composition,2025-11-29,0,success,
2025-11-29T21:20:39.187855,weekly_training_zones,2025-11-29,0,success,
2025-11-29T21:20:39.198155,recovery_trends,2025-11-29,1,success,
2025-11-29T21:20:39.200602,telegram_data,2025-11-29,0,failed,'food'
2025-11-30T21:20:32.347184,activities,2025-11-30,1,success,
2025-11-30T21:20:43.670366,health,2025-11-30,1,success,
2025-11-30T21:20:48.378437,physiological,2025-11-30,1,success,
2025-11-30T21:20:48.486135,eufy_body_composition,2025-11-30,0,success,
2025-11-30T21:20:49.430783,weekly_training_zones,2025-11-30,0,success,
2025-11-30T21:20:49.440852,recovery_trends,2025-11-30,1,success,
2025-11-30T21:20:49.443141,telegram_data,2025-11-30,0,failed,'food'
2025-12-01T21:20:08.894759,activities,2025-12-01,0,success,
2025-12-01T21:20:18.824709,health,2025-12-01,1,success,
2025-12-01T21:20:23.342181,physiological,2025-12-01,1,success,
2025-12-01T21:20:23.554620,eufy_body_composition,2025-12-01,0,success,
2025-12-01T21:20:23.626395,weekly_training_zones,2025-12-01,1,success,
2025-12-01T21:20:23.636593,recovery_trends,2025-12-01,1,success,
2025-12-01T21:20:23.638927,telegram_data,2025-12-01,0,failed,'food'
2025-12-02T21:23:46.455885,activities,2025-12-02,1,success,
2025-12-02T21:23:57.979406,health,2025-12-02,1,success,
2025-12-02T21:24:02.963350,physiological,2025-12-02,1,success,
2025-12-02T21:24:03.117207,eufy_body_composition,2025-12-02,0,success,
2025-12-02T21:24:03.490596,weekly_training_zones,2025-12-02,0,success,
2025-12-02T21:24:03.501708,recovery_trends,2025-12-02,1,success,
2025-12-02T21:24:03.504373,telegram_data,2025-12-02,0,failed,'food'
2025-12-03T21:21:47.924080,activities,2025-12-03,1,success,
2025-12-03T21:21:59.625675,health,2025-12-03,1,success,
2025-12-03T21:22:04.508275,physiological,2025-12-03,1,success,
2025-12-03T21:22:04.553587,eufy_body_composition,2025-12-03,0,success,
2025-12-03T21:22:05.063595,weekly_training_zones,2025-12-03,0,success,
2025-12-03T21:22:05.074171,recovery_trends,2025-12-03,1,success,
2025-12-03T21:22:05.076646,telegram_data,2025-12-03,0,failed,'food'
2025-12-04T21:23:29.355919,activities,2025-12-04,0,success,
2025-12-04T21:23:39.270194,health,2025-12-04,1,success,
2025-12-04T21:23:43.076780,physiological,2025-12-04,1,success,
2025-12-04T21:23:43.123195,eufy_body_composition,2025-12-04,0,success,
2025-12-04T21:23:43.597054,weekly_training_zones,2025-12-04,0,success,
2025-12-04T21:23:43.608231,recovery_trends,2025-12-04,1,success,
2025-12-04T21:23:43.610975,telegram_data,2025-12-04,0,failed,'food'
2025-12-05T21:22:02.630012,activities,2025-12-05,0,success,
2025-12-05T21:22:12.192196,health,2025-12-05,1,success,
2025-12-05T21:22:16.094345,physiological,2025-12-05,1,success,
2025-12-05T21:22:16.207696,eufy_body_composition,2025-12-05,0,success,
2025-12-05T21:22:16.666785,weekly_training_zones,2025-12-05,0,success,
2025-12-05T21:22:16.677372,recovery_trends,2025-12-05,1,success,
2025-12-05T21:22:16.679914,telegram_data,2025-12-05,0,failed,'food'
2025-12-06T21:20:11.207328,activities,2025-12-06,2,success,
2025-12-06T21:20:19.852521,health,2025-12-06,1,success,
2025-12-06T21:20:22.984263,physiological,2025-12-06,1,success,
2025-12-06T21:20:23.118749,eufy_body_composition,2025-12-06,0,success,
2025-12-06T21:20:23.742628,weekly_training_zones,2025-12-06,0,success,
2025-12-06T21:20:23.752662,recovery_trends,2025-12-06,1,success,
2025-12-06T21:20:23.755038,telegram_data,2025-12-06,0,failed,'food'
2025-12-07T21:19:29.964271,activities,2025-12-07,1,success,
2025-12-07T21:19:40.434478,health,2025-12-07,1,success,
2025-12-07T21:19:44.380041,physiological,2025-12-07,1,success,
2025-12-07T21:19:44.520242,eufy_body_composition,2025-12-07,0,success,
2025-12-07T21:19:45.639825,weekly_training_zones,2025-12-07,0,success,
2025-12-07T21:19:45.650765,recovery_trends,2025-12-07,1,success,
2025-12-07T21:19:45.653392,telegram_data,2025-12-07,0,failed,'food'
2025-12-08T21:20:08.008253,activities,2025-12-08,0,success,
2025-12-08T21:20:18.241874,health,2025-12-08,1,success,
2025-12-08T21:20:22.280734,physiological,2025-12-08,1,success,
2025-12-08T21:20:22.392800,eufy_body_composition,2025-12-08,0,success,
2025-12-08T21:20:22.462197,weekly_training_zones,2025-12-08,1,success,
2025-12-08T21:20:22.472761,recovery_trends,2025-12-08,1,success,
2025-12-08T21:20:22.475382,telegram_data,2025-12-08,0,failed,'food'
2025-12-09T21:21:44.806485,activities,2025-12-09,1,success,
2025-12-09T21:21:53.840827,health,2025-12-09,1,success,
2025-12-09T21:21:57.087195,physiological,2025-12-09,1,success,
2025-12-09T21:21:57.215109,eufy_body_composition,2025-12-09,0,success,
2025-12-09T21:21:57.469994,weekly_training_zones,2025-12-09,0,success,
2025-12-09T21:21:57.480298,recovery_trends,2025-12-09,1,success,
2025-12-09T21:21:57.482727,telegram_data,2025-12-09,0,failed,'food'
2025-12-10T21:26:41.624471,activities,2025-12-10,0,success,
2025-12-10T21:26:51.156449,health,2025-12-10,1,success,
2025-12-10T21:26:54.806820,physiological,2025-12-10,1,success,
2025-12-10T21:26:55.022072,eufy_body_composition,2025-12-10,0,success,
2025-12-10T21:26:55.290140,weekly_training_zones,2025-12-10,0,success,
2025-12-10T21:26:55.301099,recovery_trends,2025-12-10,1,success,
2025-12-10T21:26:55.303730,telegram_data,2025-12-10,0,failed,'food'
2025-12-11T21:26:42.689931,activities,2025-12-11,2,success,
2025-12-11T21:26:54.525366,health,2025-12-11,1,success,
2025-12-11T21:26:59.324493,physiological,2025-12-11,1,success,
2025-12-11T21:26:59.406853,eufy_body_composition,2025-12-11,0,success,
2025-12-11T21:27:00.051429,weekly_training_zones,2025-12-11,0,success,
2025-12-11T21:27:00.062036,recovery_trends,2025-12-11,1,success,
2025-12-11T21:27:00.064682,telegram_data,2025-12-11,0,failed,'food'
2025-12-12T21:24:22.749551,activities,2025-12-12,1,success,
2025-12-12T21:24:32.035104,health,2025-12-12,1,success,
2025-12-12T21:24:35.621104,physiological,2025-12-12,1,success,
2025-12-12T21:24:45.664141,eufy_body_composition,2025-12-12,0,success,
2025-12-12T21:24:46.318025,weekly_training_zones,2025-12-12,0,success,
2025-12-12T21:24:46.328939,recovery_trends,2025-12-12,1,success,
2025-12-12T21:24:46.331601,telegram_data,2025-12-12,0,failed,'food'
2025-12-13T21:20:24.095350,activities,2025-12-13,0,success,
2025-12-13T21:20:32.627475,health,2025-12-13,1,success,
2025-12-13T21:20:35.621648,physiological,2025-12-13,1,success,
2025-12-13T21:20:35.771918,eufy_body_composition,2025-12-13,0,success,
2025-12-13T21:20:36.411837,weekly_training_zones,2025-12-13,0,success,
2025-12-13T21:20:36.422704,recovery_trends,2025-12-13,1,success,
2025-12-13T21:20:36.425398,telegram_data,2025-12-13,0,failed,'food'
2025-12-14T21:21:19.646893,activities,2025-12-14,0,success,
2025-12-14T21:21:31.126560,health,2025-12-14,1,success,
2025-12-14T21:21:35.782302,physiological,2025-12-14,1,success,
2025-12-14T21:21:35.874337,eufy_body_composition,2025-12-14,0,success,
2025-12-14T21:21:37.118037,weekly_training_zones,2025-12-14,0,success,
2025-12-14T21:21:37.128804,recovery_trends,2025-12-14,1,success,
2025-12-14T21:21:37.131442,telegram_data,2025-12-14,0,failed,'food'
2025-12-15T21:24:42.789582,activities,2025-12-15,0,success,
2025-12-15T21:24:53.225143,health,2025-12-15,1,success,
2025-12-15T21:24:57.495312,physiological,2025-12-15,1,success,
2025-12-15T21:24:57.542003,eufy_body_composition,2025-12-15,0,success,
2025-12-15T21:24:57.616625,weekly_training_zones,2025-12-15,1,success,
2025-12-15T21:24:57.628360,recovery_trends,2025-12-15,1,success,
2025-12-15T21:24:57.631238,telegram_data,2025-12-15,0,failed,'food'
2025-12-16T21:25:09.805427,activities,2025-12-16,1,success,
2025-12-16T21:25:19.158662,health,2025-12-16,1,success,
2025-12-16T21:25:23.199280,physiological,2025-12-16,1,success,
2025-12-16T21:25:23.366673,eufy_body_composition,2025-12-16,0,success,
2025-12-16T21:25:23.751344,weekly_training_zones,2025-12-16,0,success,
2025-12-16T21:25:23.762360,recovery_trends,2025-12-16,1,success,
2025-12-16T21:25:23.765090,telegram_data,2025-12-16,0,failed,'food'
2025-12-17T21:25:20.349321,activities,2025-12-17,1,success,
2025-12-17T21:25:30.473133,health,2025-12-17,1,success,
2025-12-17T21:25:34.835363,physiological,2025-12-17,1,success,
2025-12-17T21:25:34.955250,eufy_body_composition,2025-12-17,0,success,
2025-12-17T21:25:35.566002,weekly_training_zones,2025-12-17,0,success,
2025-12-17T21:25:35.576589,recovery_trends,2025-12-17,1,success,
2025-12-17T21:25:35.579580,telegram_data,2025-12-17,0,failed,'food'
2025-12-18T21:21:09.344321,activities,2025-12-18,0,success,
2025-12-18T21:21:19.414528,health,2025-12-18,1,success,
2025-12-18T21:21:23.409928,physiological,2025-12-18,1,success,
2025-12-18T21:21:23.510718,eufy_body_composition,2025-12-18,0,success,
2025-12-18T21:21:24.159207,weekly_training_zones,2025-12-18,0,success,
2025-12-18T21:21:24.170434,recovery_trends,2025-12-18,1,success,
2025-12-18T21:21:24.173172,telegram_data,2025-12-18,0,failed,'food'
2025-12-19T21:22:28.061698,activities,2025-12-19,0,success,
2025-12-19T21:22:40.249065,health,2025-12-19,1,success,
2025-12-19T21:22:44.841260,physiological,2025-12-19,1,success,
2025-12-19T21:22:44.905913,eufy_body_composition,2025-12-19,0,success,
2025-12-19T21:22:45.619103,weekly_training_zones,2025-12-19,0,success,
2025-12-19T21:22:45.630053,recovery_trends,2025-12-19,1,success,
2025-12-19T21:22:45.632781,telegram_data,2025-12-19,0,failed,'food'
2025-12-20T21:20:10.296686,activities,2025-12-20,0,success,
2025-12-20T21:20:19.813848,health,2025-12-20,1,success,
2025-12-20T21:20:24.023896,physiological,2025-12-20,1,success,
2025-12-20T21:20:24.146000,eufy_body_composition,2025-12-20,0,success,
2025-12-20T21:20:24.869045,weekly_training_zones,2025-12-20,0,success,
2025-12-20T21:20:24.880528,recovery_trends,2025-12-20,1,success,
2025-12-20T21:20:24.883371,telegram_data,2025-12-20,0,failed,'food'
2025-12-21T21:21:47.093955,activities,2025-12-21,1,success,
2025-12-21T21:21:57.389428,health,2025-12-21,1,success,
2025-12-21T21:22:01.687501,physiological,2025-12-21,1,success,
2025-12-21T21:22:01.790680,eufy_body_composition,2025-12-21,0,success,
2025-12-21T21:22:02.878388,weekly_training_zones,2025-12-21,0,success,
2025-12-21T21:22:02.889384,recovery_trends,2025-12-21,1,success,
2025-12-21T21:22:02.892270,telegram_data,2025-12-21,0,failed,'food'
2025-12-22T21:22:07.289732,activities,2025-12-22,1,success,
2025-12-22T21:22:15.260617,health,2025-12-22,1,success,
2025-12-22T21:22:18.182790,physiological,2025-12-22,1,success,
2025-12-22T21:22:18.387677,eufy_body_composition,2025-12-22,0,success,
2025-12-22T21:22:18.437581,weekly_training_zones,2025-12-22,1,success,
2025-12-22T21:22:18.448561,recovery_trends,2025-12-22,1,success,
2025-12-22T21:22:18.451476,telegram_data,2025-12-22,0,failed,'food'
2025-12-23T21:23:00.946556,activities,2025-12-23,0,success,
2025-12-23T21:23:09.953052,health,2025-12-23,1,success,
2025-12-23T21:23:13.965825,physiological,2025-12-23,1,success,
2025-12-23T21:23:14.137726,eufy_body_composition,2025-12-23,0,success,
2025-12-23T21:23:14.415254,weekly_training_zones,2025-12-23,0,success,
2025-12-23T21:23:14.426551,recovery_trends,2025-12-23,1,success,
2025-12-23T21:23:14.429525,telegram_data,2025-12-23,0,failed,'food'
2025-12-24T21:22:14.878957,activities,2025-12-24,1,success,
2025-12-24T21:22:25.221392,health,2025-12-24,1,success,
2025-12-24T21:22:29.880251,physiological,2025-12-24,1,success,
2025-12-24T21:22:29.926326,eufy_body_composition,2025-12-24,0,success,
2025-12-24T21:22:30.479615,weekly_training_zones,2025-12-24,0,success,
2025-12-24T21:22:30.490539,recovery_trends,2025-12-24,1,success,
2025-12-24T21:22:30.493371,telegram_data,2025-12-24,0,failed,'food'
2025-12-25T21:22:31.550601,activities,2025-12-25,0,success,
2025-12-25T21:22:42.270063,health,2025-12-25,1,success,
2025-12-25T21:22:47.034989,physiological,2025-12-25,1,success,
2025-12-25T21:22:47.118467,eufy_body_composition,2025-12-25,0,success,
2025-12-25T21:22:47.694392,weekly_training_zones,2025-12-25,0,success,
2025-12-25T21:22:47.705590,recovery_trends,2025-12-25,1,success,
2025-12-25T21:22:47.708411,telegram_data,2025-12-25,0,failed,'food'
2025-12-26T21:21:57.628288,activities,2025-12-26,0,success,
2025-12-26T21:22:05.835970,health,2025-12-26,1,success,
2025-12-26T21:22:08.890084,physiological,2025-12-26,1,success,
2025-12-26T21:22:09.076990,eufy_body_composition,2025-12-26,0,success,
2025-12-26T21:22:09.434835,weekly_training_zones,2025-12-26,0,success,
2025-12-26T21:22:09.446258,recovery_trends,2025-12-26,1,success,
2025-12-26T21:22:09.449209,telegram_data,2025-12-26,0,failed,'food'
2025-12-27T21:21:04.708378,activities,2025-12-27,0,success,
2025-12-27T21:21:14.117995,health,2025-12-27,1,success,
2025-12-27T21:21:18.042751,physiological,2025-12-27,1,success,
2025-12-27T21:21:18.094628,eufy_body_composition,2025-12-27,0,success,
2025-12-27T21:21:18.548240,weekly_training_zones,2025-12-27,0,success,
2025-12-27T21:21:18.559294,recovery_trends,2025-12-27,1,success,
2025-12-27T21:21:18.562083,telegram_data,2025-12-27,0,failed,'food'
2025-12-28T21:22:19.573589,activities,2025-12-28,0,success,
2025-12-28T21:22:26.379926,health,2025-12-28,1,success,
2025-12-28T21:22:29.230492,physiological,2025-12-28,1,success,
2025-12-28T21:22:29.373618,eufy_body_composition,2025-12-28,0,success,
2025-12-28T21:22:29.671877,weekly_training_zones,2025-12-28,0,success,
2025-12-28T21:22:29.683080,recovery_trends,2025-12-28,1,success,
2025-12-28T21:22:29.685991,telegram_data,2025-12-28,0,failed,'food'
2025-12-29T21:22:51.824839,activities,2025-12-29,0,success,
2025-12-29T21:22:59.195985,health,2025-12-29,1,success,
2025-12-29T21:23:02.931298,physiological,2025-12-29,1,success,
2025-12-29T21:23:03.057350,eufy_body_composition,2025-12-29,0,success,
2025-12-29T21:23:03.114154,weekly_training_zones,2025-12-29,1,success,
2025-12-29T21:23:03.125780,recovery_trends,2025-12-29,1,success,
2025-12-29T21:23:03.128873,telegram_data,2025-12-29,0,failed,'food'
2025-12-30T21:24:28.308706,activities,2025-12-30,0,success,
2025-12-30T21:24:37.270496,health,2025-12-30,1,success,
2025-12-30T21:24:41.017321,physiological,2025-12-30,1,success,
2025-12-30T21:24:41.142812,eufy_body_composition,2025-12-30,0,success,
2025-12-30T21:24:41.228242,weekly_training_zones,2025-12-30,0,success,
2025-12-30T21:24:41.239505,recovery_trends,2025-12-30,1,success,
2025-12-30T21:24:41.242580,telegram_data,2025-12-30,0,failed,'food'
2025-12-31T21:22:27.234824,activities,2025-12-31,0,success,
2025-12-31T21:22:36.759879,health,2025-12-31,1,success,
2025-12-31T21:22:41.262811,physiological,2025-12-31,1,success,
2025-12-31T21:22:41.374852,eufy_body_composition,2025-12-31,0,success,
2025-12-31T21:22:41.459676,weekly_training_zones,2025-12-31,0,success,
2025-12-31T21:22:41.471068,recovery_trends,2025-12-31,1,success,
2025-12-31T21:22:41.473989,telegram_data,2025-12-31,0,failed,'food'
2026-01-01T21:23:37.447220,activities,2026-01-01,0,success,
2026-01-01T21:23:43.136192,health,2026-01-01,1,success,
2026-01-01T21:23:45.712552,physiological,2026-01-01,1,success,
2026-01-01T21:23:45.808339,eufy_body_composition,2026-01-01,0,success,
2026-01-01T21:23:45.860123,weekly_training_zones,2026-01-01,0,success,
2026-01-01T21:23:45.871048,recovery_trends,2026-01-01,1,success,
2026-01-01T21:23:45.873871,telegram_data,2026-01-01,0,failed,'food'
2026-01-02T21:19:27.759979,activities,2026-01-02,0,success,
2026-01-02T21:19:35.086871,health,2026-01-02,1,success,
2026-01-02T21:19:38.427041,physiological,2026-01-02,1,success,
2026-01-02T21:19:38.558639,eufy_body_composition,2026-01-02,0,success,
2026-01-02T21:19:38.625178,weekly_training_zones,2026-01-02,0,success,
2026-01-02T21:19:38.636996,recovery_trends,2026-01-02,1,success,
2026-01-02T21:19:38.640069,telegram_data,2026-01-02,0,failed,'food'
2026-01-03T21:21:59.560420,activities,2026-01-03,0,success,
2026-01-03T21:22:05.556027,health,2026-01-03,1,success,
2026-01-03T21:22:07.922922,physiological,2026-01-03,1,success,
2026-01-03T21:22:08.027657,eufy_body_composition,2026-01-03,0,success,
2026-01-03T21:22:08.080567,weekly_training_zones,2026-01-03,0,success,
2026-01-03T21:22:08.092245,recovery_trends,2026-01-03,1,success,
2026-01-03T21:22:08.095253,telegram_data,2026-01-03,0,failed,'food'
2026-01-04T21:22:15.719023,activities,2026-01-04,0,success,
2026-01-04T21:22:23.375036,health,2026-01-04,1,success,
2026-01-04T21:22:26.795796,physiological,2026-01-04,1,success,
2026-01-04T21:22:26.934408,eufy_body_composition,2026-01-04,0,success,
2026-01-04T21:22:27.008805,weekly_training_zones,2026-01-04,0,success,
2026-01-04T21:22:27.020245,recovery_trends,2026-01-04,1,success,
2026-01-04T21:22:27.023204,telegram_data,2026-01-04,0,failed,'food'
2026-01-05T21:25:23.152173,activities,2026-01-05,3,success,
2026-01-05T21:25:33.853175,health,2026-01-05,1,success,
2026-01-05T21:25:38.873168,physiological,2026-01-05,1,success,
2026-01-05T21:25:38.925943,eufy_body_composition,2026-01-05,0,success,
2026-01-05T21:25:39.266518,weekly_training_zones,2026-01-05,1,success,
2026-01-05T21:25:39.277551,recovery_trends,2026-01-05,1,success,
2026-01-05T21:25:39.280519,telegram_data,2026-01-05,0,failed,'food'
2026-01-06T21:25:17.188095,activities,2026-01-06,0,success,
2026-01-06T21:25:25.587926,health,2026-01-06,1,success,
2026-01-06T21:25:28.710869,physiological,2026-01-06,1,success,
2026-01-06T21:25:28.880378,eufy_body_composition,2026-01-06,0,success,
2026-01-06T21:25:29.279589,weekly_training_zones,2026-01-06,0,success,
2026-01-06T21:25:29.290951,recovery_trends,2026-01-06,1,success,
2026-01-06T21:25:29.294064,telegram_data,2026-01-06,0,failed,'food'
2026-01-07T21:25:17.761763,activities,2026-01-07,1,success,
2026-01-07T21:25:27.176737,health,2026-01-07,1,success,
2026-01-07T21:25:31.162436,physiological,2026-01-07,1,success,
2026-01-07T21:25:31.338302,eufy_body_composition,2026-01-07,0,success,
2026-01-07T21:25:31.912952,weekly_training_zones,2026-01-07,0,success,
2026-01-07T21:25:31.924386,recovery_trends,2026-01-07,1,success,
2026-01-07T21:25:31.927412,telegram_data,2026-01-07,0,failed,'food'
2026-01-08T21:26:20.822600,activities,2026-01-08,0,success,
2026-01-08T21:26:31.023032,health,2026-01-08,1,success,
2026-01-08T21:26:35.177789,physiological,2026-01-08,1,success,
2026-01-08T21:26:35.281933,eufy_body_composition,2026-01-08,0,success,
2026-01-08T21:26:36.059878,weekly_training_zones,2026-01-08,0,success,
2026-01-08T21:26:36.071391,recovery_trends,2026-01-08,1,success,
2026-01-08T21:26:36.074528,telegram_data,2026-01-08,0,failed,'food'
2026-01-09T21:25:16.675057,activities,2026-01-09,0,success,
2026-01-09T21:25:27.157911,health,2026-01-09,1,success,
2026-01-09T21:25:31.550553,physiological,2026-01-09,1,success,
2026-01-09T21:25:31.670885,eufy_body_composition,2026-01-09,0,success,
2026-01-09T21:25:32.543295,weekly_training_zones,2026-01-09,0,success,
2026-01-09T21:25:32.554717,recovery_trends,2026-01-09,1,success,
2026-01-09T21:25:32.557820,telegram_data,2026-01-09,0,failed,'food'
2026-01-10T21:21:51.252210,activities,2026-01-10,0,success,
2026-01-10T21:21:59.553349,health,2026-01-10,1,success,
2026-01-10T21:22:03.550432,physiological,2026-01-10,1,success,
2026-01-10T21:22:03.653707,eufy_body_composition,2026-01-10,0,success,
2026-01-10T21:22:04.274140,weekly_training_zones,2026-01-10,0,success,
2026-01-10T21:22:04.285804,recovery_trends,2026-01-10,1,success,
2026-01-10T21:22:04.288942,telegram_data,2026-01-10,0,failed,'food'
2026-01-11T21:22:27.848479,activities,2026-01-11,0,success,
2026-01-11T21:22:36.054512,health,2026-01-11,1,success,
2026-01-11T21:22:39.461645,physiological,2026-01-11,1,success,
2026-01-11T21:22:39.562844,eufy_body_composition,2026-01-11,0,success,
2026-01-11T21:22:40.260631,weekly_training_zones,2026-01-11,0,success,
2026-01-11T21:22:40.272681,recovery_trends,2026-01-11,1,success,
2026-01-11T21:22:40.275861,telegram_data,2026-01-11,0,failed,'food'
2026-01-12T21:26:25.204951,activities,2026-01-12,1,success,
2026-01-12T21:26:36.032349,health,2026-01-12,1,success,
2026-01-12T21:26:40.638363,physiological,2026-01-12,1,success,
2026-01-12T21:26:40.756432,eufy_body_composition,2026-01-12,0,success,
2026-01-12T21:26:40.830231,weekly_training_zones,2026-01-12,1,success,
2026-01-12T21:26:40.841949,recovery_trends,2026-01-12,1,success,
2026-01-12T21:26:40.845118,telegram_data,2026-01-12,0,failed,'food'
2026-01-13T21:26:15.272897,activities,2026-01-13,1,success,
2026-01-13T21:26:26.024006,health,2026-01-13,1,success,
2026-01-13T21:26:29.956900,physiological,2026-01-13,1,success,
2026-01-13T21:26:30.111947,eufy_body_composition,2026-01-13,0,success,
2026-01-13T21:26:30.452712,weekly_training_zones,2026-01-13,0,success,
2026-01-13T21:26:30.464511,recovery_trends,2026-01-13,1,success,
2026-01-13T21:26:30.467695,telegram_data,2026-01-13,0,failed,'food'
2026-01-14T21:26:39.733966,activities,2026-01-14,0,success,
2026-01-14T21:26:49.763353,health,2026-01-14,1,success,
2026-01-14T21:26:53.377586,physiological,2026-01-14,1,success,
2026-01-14T21:26:53.509152,eufy_body_composition,2026-01-14,0,success,
2026-01-14T21:26:53.940343,weekly_training_zones,2026-01-14,0,success,
2026-01-14T21:26:53.952105,recovery_trends,2026-01-14,1,success,
2026-01-14T21:26:53.955301,telegram_data,2026-01-14,0,failed,'food'
2026-01-15T21:26:16.591472,activities,2026-01-15,1,success,
2026-01-15T21:26:25.837987,health,2026-01-15,1,success,
2026-01-15T21:26:29.466437,physiological,2026-01-15,1,success,
2026-01-15T21:26:29.621502,eufy_body_composition,2026-01-15,0,success,
2026-01-15T21:26:30.126317,weekly_training_zones,2026-01-15,0,success,
2026-01-15T21:26:30.137702,recovery_trends,2026-01-15,1,success,
2026-01-15T21:26:30.140812,telegram_data,2026-01-15,0,failed,'food'
2026-01-16T21:26:06.387923,activities,2026-01-16,0,success,
2026-01-16T21:26:16.885731,health,2026-01-16,1,success,
2026-01-16T21:26:21.083610,physiological,2026-01-16,1,success,
2026-01-16T21:26:21.197934,eufy_body_composition,2026-01-16,0,success,
2026-01-16T21:26:21.799200,weekly_training_zones,2026-01-16,0,success,
2026-01-16T21:26:21.810788,recovery_trends,2026-01-16,1,success,
2026-01-16T21:26:21.814065,telegram_data,2026-01-16,0,failed,'food'
2026-01-17T21:21:41.012234,activities,2026-01-17,1,success,
2026-01-17T21:21:51.695421,health,2026-01-17,1,success,
2026-01-17T21:21:55.685847,physiological,2026-01-17,1,success,
2026-01-17T21:21:55.749767,eufy_body_composition,2026-01-17,0,success,
2026-01-17T21:21:56.703943,weekly_training_zones,2026-01-17,0,success,
2026-01-17T21:21:56.715649,recovery_trends,2026-01-17,1,success,
2026-01-17T21:21:56.718856,telegram_data,2026-01-17,0,failed,'food'
2026-01-18T21:22:06.930662,activities,2026-01-18,0,success,
2026-01-18T21:22:17.093759,health,2026-01-18,1,success,
2026-01-18T21:22:21.088805,physiological,2026-01-18,1,success,
2026-01-18T21:22:21.207140,eufy_body_composition,2026-01-18,0,success,
2026-01-18T21:22:22.184844,weekly_training_zones,2026-01-18,0,success,
2026-01-18T21:22:22.196756,recovery_trends,2026-01-18,1,success,
2026-01-18T21:22:22.200139,telegram_data,2026-01-18,0,failed,'food'
2026-01-19T21:24:39.948894,activities,2026-01-19,0,success,
2026-01-19T21:24:50.403776,health,2026-01-19,1,success,
2026-01-19T21:24:54.852762,physiological,2026-01-19,1,success,
2026-01-19T21:24:54.920108,eufy_body_composition,2026-01-19,0,success,
2026-01-19T21:24:54.990513,weekly_training_zones,2026-01-19,1,success,
2026-01-19T21:24:55.002626,recovery_trends,2026-01-19,1,success,
2026-01-19T21:24:55.005910,telegram_data,2026-01-19,0,failed,'food'
2026-01-20T21:25:59.198439,activities,2026-01-20,1,success,
2026-01-20T21:26:09.885473,health,2026-01-20,1,success,
2026-01-20T21:26:13.833951,physiological,2026-01-20,1,success,
2026-01-20T21:26:13.948434,eufy_body_composition,2026-01-20,0,success,
2026-01-20T21:26:14.289158,weekly_training_zones,2026-01-20,0,success,
2026-01-20T21:26:14.300351,recovery_trends,2026-01-20,1,success,
2026-01-20T21:26:14.303514,telegram_data,2026-01-20,0,failed,'food'
2026-02-06T21:35:37.525059,activities,2026-02-06,5,success,
2026-02-06T21:36:12.524135,health,2026-02-06,17,success,
2026-02-06T21:36:23.548722,physiological,2026-02-06,17,success,
2026-02-06T21:36:23.586975,eufy_body_composition,2026-02-06,0,success,
2026-02-06T21:36:24.196237,weekly_training_zones,2026-02-06,1,success,
2026-02-06T21:36:24.208451,recovery_trends,2026-02-06,1,success,
2026-02-06T21:36:24.211711,telegram_data,2026-02-06,0,failed,'food'
2026-02-07T21:31:29.421902,activities,2026-02-07,1,success,
2026-02-07T21:31:40.412173,health,2026-02-07,1,success,
2026-02-07T21:31:44.817854,physiological,2026-02-07,1,success,
2026-02-07T21:31:44.881148,eufy_body_composition,2026-02-07,0,success,
2026-02-07T21:31:45.834297,weekly_training_zones,2026-02-07,0,success,
2026-02-07T21:31:45.846888,recovery_trends,2026-02-07,1,success,
2026-02-07T21:31:45.850337,telegram_data,2026-02-07,0,failed,'food'
2026-02-08T21:31:36.932626,activities,2026-02-08,0,success,
2026-02-08T21:31:46.767632,health,2026-02-08,1,success,
2026-02-08T21:31:50.395989,physiological,2026-02-08,1,success,
2026-02-08T21:31:50.512306,eufy_body_composition,2026-02-08,0,success,
2026-02-08T21:31:51.477068,weekly_training_zones,2026-02-08,0,success,
2026-02-08T21:31:51.489950,recovery_trends,2026-02-08,1,success,
2026-02-08T21:31:51.493397,telegram_data,2026-02-08,0,failed,'food'
2026-02-09T21:42:46.126272,activities,2026-02-09,0,success,
2026-02-09T21:42:56.607279,health,2026-02-09,1,success,
2026-02-09T21:43:00.796615,physiological,2026-02-09,1,success,
2026-02-09T21:43:00.858828,eufy_body_composition,2026-02-09,0,success,
2026-02-09T21:43:00.986371,weekly_training_zones,2026-02-09,1,success,
2026-02-09T21:43:01.000118,recovery_trends,2026-02-09,1,success,
2026-02-09T21:43:01.003832,telegram_data,2026-02-09,0,failed,'food'
2026-02-10T21:47:27.217349,activities,2026-02-10,1,success,
2026-02-10T21:47:38.256362,health,2026-02-10,1,success,
2026-02-10T21:47:42.315680,physiological,2026-02-10,1,success,
2026-02-10T21:47:42.386526,eufy_body_composition,2026-02-10,0,success,
2026-02-10T21:47:42.725948,weekly_training_zones,2026-02-10,0,success,
2026-02-10T21:47:42.738706,recovery_trends,2026-02-10,1,success,
2026-02-10T21:47:42.742246,telegram_data,2026-02-10,0,failed,'food'
2026-02-11T21:37:00.587435,activities,2026-02-11,0,success,
2026-02-11T21:37:12.410554,health,2026-02-11,1,success,
2026-02-11T21:37:17.342398,physiological,2026-02-11,1,success,
2026-02-11T21:37:17.409428,eufy_body_composition,2026-02-11,0,success,
2026-02-11T21:37:17.753471,weekly_training_zones,2026-02-11,0,success,
2026-02-11T21:37:17.766191,recovery_trends,2026-02-11,1,success,
2026-02-11T21:37:17.769710,telegram_data,2026-02-11,0,failed,'food'
2026-02-12T21:38:11.984800,activities,2026-02-12,0,success,
2026-02-12T21:38:22.119205,health,2026-02-12,1,success,
2026-02-12T21:38:26.201708,physiological,2026-02-12,1,success,
2026-02-12T21:38:26.327672,eufy_body_composition,2026-02-12,0,success,
2026-02-12T21:38:26.768204,weekly_training_zones,2026-02-12,0,success,
2026-02-12T21:38:26.781412,recovery_trends,2026-02-12,1,success,
2026-02-12T21:38:26.784979,telegram_data,2026-02-12,0,failed,'food'
2026-02-13T21:40:24.336840,activities,2026-02-13,1,success,
2026-02-13T21:40:32.593250,health,2026-02-13,1,success,
2026-02-13T21:40:35.589640,physiological,2026-02-13,1,success,
2026-02-13T21:40:35.678358,eufy_body_composition,2026-02-13,0,success,
2026-02-13T21:40:36.189529,weekly_training_zones,2026-02-13,0,success,
2026-02-13T21:40:36.202669,recovery_trends,2026-02-13,1,success,
2026-02-13T21:40:36.206177,telegram_data,2026-02-13,0,failed,'food'
2026-02-14T21:29:09.472715,activities,2026-02-14,0,success,
2026-02-14T21:29:18.856936,health,2026-02-14,1,success,
2026-02-14T21:29:22.369875,physiological,2026-02-14,1,success,
2026-02-14T21:29:22.487972,eufy_body_composition,2026-02-14,0,success,
2026-02-14T21:29:23.100574,weekly_training_zones,2026-02-14,0,success,
2026-02-14T21:29:23.113945,recovery_trends,2026-02-14,1,success,
2026-02-14T21:29:23.117619,telegram_data,2026-02-14,0,failed,'food'
2026-02-15T21:29:27.957583,activities,2026-02-15,1,success,
2026-02-15T21:29:36.553356,health,2026-02-15,1,success,
2026-02-15T21:29:39.743154,physiological,2026-02-15,1,success,
2026-02-15T21:29:39.876907,eufy_body_composition,2026-02-15,0,success,
2026-02-15T21:29:40.535442,weekly_training_zones,2026-02-15,0,success,
2026-02-15T21:29:40.548914,recovery_trends,2026-02-15,1,success,
2026-02-15T21:29:40.552156,telegram_data,2026-02-15,0,failed,'food'
2026-02-16T21:33:41.765832,activities,2026-02-16,0,success,
2026-02-16T21:33:50.910775,health,2026-02-16,1,success,
2026-02-16T21:33:54.287408,physiological,2026-02-16,1,success,
2026-02-16T21:33:54.448515,eufy_body_composition,2026-02-16,0,success,
2026-02-16T21:33:54.512473,weekly_training_zones,2026-02-16,1,success,
2026-02-16T21:33:54.526632,recovery_trends,2026-02-16,1,success,
2026-02-16T21:33:54.530559,telegram_data,2026-02-16,0,failed,'food'
2026-02-17T21:39:48.292046,activities,2026-02-17,0,success,
2026-02-17T21:39:57.216127,health,2026-02-17,1,success,
2026-02-17T21:40:00.200915,physiological,2026-02-17,1,success,
2026-02-17T21:40:00.352039,eufy_body_composition,2026-02-17,0,success,
2026-02-17T21:40:00.421925,weekly_training_zones,2026-02-17,0,success,
2026-02-17T21:40:00.436231,recovery_trends,2026-02-17,1,success,
2026-02-17T21:40:00.440311,telegram_data,2026-02-17,0,failed,'food'
2026-02-18T21:38:53.518396,activities,2026-02-18,0,success,
2026-02-18T21:39:02.945035,health,2026-02-18,1,success,
2026-02-18T21:39:06.420793,physiological,2026-02-18,1,success,
2026-02-18T21:39:06.466474,eufy_body_composition,2026-02-18,0,success,
2026-02-18T21:39:06.548671,weekly_training_zones,2026-02-18,0,success,
2026-02-18T21:39:06.562772,recovery_trends,2026-02-18,1,success,
2026-02-18T21:39:06.566525,telegram_data,2026-02-18,0,failed,'food'
2026-02-19T21:37:36.404873,activities,2026-02-19,0,success,
2026-02-19T21:37:46.643099,health,2026-02-19,1,success,
2026-02-19T21:37:50.858214,physiological,2026-02-19,1,success,
2026-02-19T21:37:51.031454,eufy_body_composition,2026-02-19,0,success,
2026-02-19T21:37:51.292315,weekly_training_zones,2026-02-19,0,success,
2026-02-19T21:37:51.305859,recovery_trends,2026-02-19,1,success,
2026-02-19T21:37:51.309555,telegram_data,2026-02-19,0,failed,'food'
2026-02-20T21:30:04.015800,activities,2026-02-20,0,success,
2026-02-20T21:30:15.342402,health,2026-02-20,1,success,
2026-02-20T21:30:19.932601,physiological,2026-02-20,1,success,
2026-02-20T21:30:20.030855,eufy_body_composition,2026-02-20,0,success,
2026-02-20T21:30:20.393060,weekly_training_zones,2026-02-20,0,success,
2026-02-20T21:30:20.406302,recovery_trends,2026-02-20,1,success,
2026-02-20T21:30:20.410005,telegram_data,2026-02-20,0,failed,'food'
2026-02-21T21:28:06.313121,activities,2026-02-21,0,success,
2026-02-21T21:28:15.700674,health,2026-02-21,1,success,
2026-02-21T21:28:19.527586,physiological,2026-02-21,1,success,
2026-02-21T21:28:19.653275,eufy_body_composition,2026-02-21,0,success,
2026-02-21T21:28:20.237515,weekly_training_zones,2026-02-21,0,success,
2026-02-21T21:28:20.251076,recovery_trends,2026-02-21,1,success,
2026-02-21T21:28:20.254853,telegram_data,2026-02-21,0,failed,'food'
2026-02-22T21:29:04.857020,activities,2026-02-22,0,success,
2026-02-22T21:29:16.228791,health,2026-02-22,1,success,
2026-02-22T21:29:21.599965,physiological,2026-02-22,1,success,
2026-02-22T21:29:21.701985,eufy_body_composition,2026-02-22,0,success,
2026-02-22T21:29:22.440857,weekly_training_zones,2026-02-22,0,success,
2026-02-22T21:29:22.454676,recovery_trends,2026-02-22,1,success,
2026-02-22T21:29:22.458392,telegram_data,2026-02-22,0,failed,'food'
2026-02-23T21:51:41.675936,activities,2026-02-23,1,success,
2026-02-23T21:51:52.091126,health,2026-02-23,1,success,
2026-02-23T21:51:56.132193,physiological,2026-02-23,1,success,
2026-02-23T21:51:56.233157,eufy_body_composition,2026-02-23,0,success,
2026-02-23T21:51:56.299686,weekly_training_zones,2026-02-23,1,success,
2026-02-23T21:51:56.312789,recovery_trends,2026-02-23,1,success,
2026-02-23T21:51:56.316507,telegram_data,2026-02-23,0,failed,'food'
2026-02-24T21:39:56.744080,activities,2026-02-24,0,success,
2026-02-24T21:40:08.286677,health,2026-02-24,1,success,
2026-02-24T21:40:13.115900,physiological,2026-02-24,1,success,
2026-02-24T21:40:13.188817,eufy_body_composition,2026-02-24,0,success,
2026-02-24T21:40:13.566711,weekly_training_zones,2026-02-24,0,success,
2026-02-24T21:40:13.579859,recovery_trends,2026-02-24,1,success,
2026-02-24T21:40:13.583576,telegram_data,2026-02-24,0,failed,'food'
2026-02-25T21:38:20.181264,activities,2026-02-25,0,success,
2026-02-25T21:38:29.022961,health,2026-02-25,1,success,
2026-02-25T21:38:32.340809,physiological,2026-02-25,1,success,
2026-02-25T21:38:32.476004,eufy_body_composition,2026-02-25,0,success,
2026-02-25T21:38:32.737157,weekly_training_zones,2026-02-25,0,success,
2026-02-25T21:38:32.750552,recovery_trends,2026-02-25,1,success,
2026-02-25T21:38:32.754401,telegram_data,2026-02-25,0,failed,'food'
2026-02-26T21:36:11.632140,activities,2026-02-26,1,success,
2026-02-26T21:36:20.120470,health,2026-02-26,1,success,
2026-02-26T21:36:23.096232,physiological,2026-02-26,1,success,
2026-02-26T21:36:23.165718,eufy_body_composition,2026-02-26,0,success,
2026-02-26T21:36:23.932978,weekly_training_zones,2026-02-26,0,success,
2026-02-26T21:36:23.948718,recovery_trends,2026-02-26,1,success,
2026-02-26T21:36:23.952559,telegram_data,2026-02-26,0,failed,'food'
2026-02-27T21:33:28.531348,activities,2026-02-27,0,success,
2026-02-27T21:33:38.450998,health,2026-02-27,1,success,
2026-02-27T21:33:41.987742,physiological,2026-02-27,1,success,
2026-02-27T21:33:42.046172,eufy_body_composition,2026-02-27,0,success,
2026-02-27T21:33:42.696948,weekly_training_zones,2026-02-27,0,success,
2026-02-27T21:33:42.710152,recovery_trends,2026-02-27,1,success,
2026-02-27T21:33:42.713898,telegram_data,2026-02-27,0,failed,'food'
2026-02-28T21:25:44.694427,activities,2026-02-28,1,success,
2026-02-28T21:25:55.267759,health,2026-02-28,1,success,
2026-02-28T21:25:59.117769,physiological,2026-02-28,1,success,
2026-02-28T21:25:59.164204,eufy_body_composition,2026-02-28,0,success,
2026-02-28T21:25:59.988756,weekly_training_zones,2026-02-28,0,success,
2026-02-28T21:26:00.002598,recovery_trends,2026-02-28,1,success,
2026-02-28T21:26:00.006516,telegram_data,2026-02-28,0,failed,'food'
2026-03-01T21:27:37.165296,activities,2026-03-01,0,success,
2026-03-01T21:27:46.188370,health,2026-03-01,1,success,
2026-03-01T21:27:49.546567,physiological,2026-03-01,1,success,
2026-03-01T21:27:49.621872,eufy_body_composition,2026-03-01,0,success,
2026-03-01T21:27:50.444142,weekly_training_zones,2026-03-01,0,success,
2026-03-01T21:27:50.457961,recovery_trends,2026-03-01,1,success,
2026-03-01T21:27:50.462239,telegram_data,2026-03-01,0,failed,'food'
2026-03-02T21:38:41.075699,activities,2026-03-02,0,success,
2026-03-02T21:39:00.987683,health,2026-03-02,1,success,
2026-03-02T21:39:06.553848,physiological,2026-03-02,1,success,
2026-03-02T21:39:06.654577,eufy_body_composition,2026-03-02,0,success,
2026-03-02T21:39:06.740719,weekly_training_zones,2026-03-02,1,success,
2026-03-02T21:39:06.754671,recovery_trends,2026-03-02,1,success,
2026-03-02T21:39:06.758659,telegram_data,2026-03-02,0,failed,'food'
2026-03-03T21:38:12.661874,activities,2026-03-03,0,success,
2026-03-03T21:38:23.369194,health,2026-03-03,1,success,
2026-03-03T21:38:28.066309,physiological,2026-03-03,1,success,
2026-03-03T21:38:28.123921,eufy_body_composition,2026-03-03,0,success,
2026-03-03T21:38:28.211696,weekly_training_zones,2026-03-03,0,success,
2026-03-03T21:38:28.225641,recovery_trends,2026-03-03,1,success,
2026-03-03T21:38:28.229655,telegram_data,2026-03-03,0,failed,'food'
2026-03-04T21:38:35.614969,activities,2026-03-04,0,success,
2026-03-04T21:38:44.861299,health,2026-03-04,1,success,
2026-03-04T21:38:49.115790,physiological,2026-03-04,1,success,
2026-03-04T21:38:49.215928,eufy_body_composition,2026-03-04,0,success,
2026-03-04T21:38:49.480528,weekly_training_zones,2026-03-04,0,success,
2026-03-04T21:38:49.493317,recovery_trends,2026-03-04,1,success,
2026-03-04T21:38:49.496976,telegram_data,2026-03-04,0,failed,'food'
2026-03-05T21:40:12.168833,activities,2026-03-05,1,success,
2026-03-05T21:40:23.412874,health,2026-03-05,1,success,
2026-03-05T21:40:28.423718,physiological,2026-03-05,1,success,
2026-03-05T21:40:28.482176,eufy_body_composition,2026-03-05,0,success,
2026-03-05T21:40:29.140549,weekly_training_zones,2026-03-05,0,success,
2026-03-05T21:40:29.154455,recovery_trends,2026-03-05,1,success,
2026-03-05T21:40:29.158519,telegram_data,2026-03-05,0,failed,'food'
2026-03-06T21:33:48.742503,activities,2026-03-06,0,success,
2026-03-06T21:33:59.003023,health,2026-03-06,1,success,
2026-03-06T21:34:02.859837,physiological,2026-03-06,1,success,
2026-03-06T21:34:02.921155,eufy_body_composition,2026-03-06,0,success,
2026-03-06T21:34:03.592849,weekly_training_zones,2026-03-06,0,success,
2026-03-06T21:34:03.607487,recovery_trends,2026-03-06,1,success,
2026-03-06T21:34:03.611630,telegram_data,2026-03-06,0,failed,'food'
2026-03-07T21:26:03.125630,activities,2026-03-07,0,success,
2026-03-07T21:26:10.885985,health,2026-03-07,1,success,
2026-03-07T21:26:13.625772,physiological,2026-03-07,1,success,
2026-03-07T21:26:13.726924,eufy_body_composition,2026-03-07,0,success,
2026-03-07T21:26:14.237461,weekly_training_zones,2026-03-07,0,success,
2026-03-07T21:26:14.251497,recovery_trends,2026-03-07,1,success,
2026-03-07T21:26:14.255489,telegram_data,2026-03-07,0,failed,'food'
2026-03-08T21:28:26.932370,activities,2026-03-08,0,success,
2026-03-08T21:28:37.771208,health,2026-03-08,1,success,
2026-03-08T21:28:41.358550,physiological,2026-03-08,1,success,
2026-03-08T21:28:41.405154,eufy_body_composition,2026-03-08,0,success,
2026-03-08T21:28:42.296932,weekly_training_zones,2026-03-08,0,success,
2026-03-08T21:28:42.311075,recovery_trends,2026-03-08,1,success,
2026-03-08T21:28:42.315285,telegram_data,2026-03-08,0,failed,'food'
2026-03-09T21:36:47.178356,activities,2026-03-09,0,success,
2026-03-09T21:36:58.725879,health,2026-03-09,1,success,
2026-03-09T21:37:02.995297,physiological,2026-03-09,1,success,
2026-03-09T21:37:03.203781,eufy_body_composition,2026-03-09,0,success,
2026-03-09T21:37:03.299048,weekly_training_zones,2026-03-09,1,success,
2026-03-09T21:37:03.312972,recovery_trends,2026-03-09,1,success,
2026-03-09T21:37:03.317103,telegram_data,2026-03-09,0,failed,'food'
2026-03-10T21:33:16.936380,activities,2026-03-10,0,success,
2026-03-10T21:33:25.656979,health,2026-03-10,1,success,
2026-03-10T21:33:28.702409,physiological,2026-03-10,1,success,
2026-03-10T21:33:28.807116,eufy_body_composition,2026-03-10,0,success,
2026-03-10T21:33:28.878190,weekly_training_zones,2026-03-10,0,success,
2026-03-10T21:33:28.892413,recovery_trends,2026-03-10,1,success,
2026-03-10T21:33:28.896596,telegram_data,2026-03-10,0,failed,'food'
2026-03-11T21:37:44.724577,activities,2026-03-11,1,success,
2026-03-11T21:38:10.333610,health,2026-03-11,1,success,
2026-03-11T21:38:21.460743,physiological,2026-03-11,1,success,
2026-03-11T21:38:21.559267,eufy_body_composition,2026-03-11,0,success,
2026-03-11T21:38:22.513422,weekly_training_zones,2026-03-11,0,success,
2026-03-11T21:38:22.527222,recovery_trends,2026-03-11,1,success,
2026-03-11T21:38:22.531253,telegram_data,2026-03-11,0,failed,'food'
2026-03-12T21:37:09.849100,activities,2026-03-12,0,success,
2026-03-12T21:37:21.784269,health,2026-03-12,1,success,
2026-03-12T21:37:25.784232,physiological,2026-03-12,1,success,
2026-03-12T21:37:25.850442,eufy_body_composition,2026-03-12,0,success,
2026-03-12T21:37:26.172618,weekly_training_zones,2026-03-12,0,success,
2026-03-12T21:37:26.186963,recovery_trends,2026-03-12,1,success,
2026-03-12T21:37:26.191363,telegram_data,2026-03-12,0,failed,'food'
2026-03-13T21:37:31.208514,activities,2026-03-13,0,success,
2026-03-13T21:37:42.727815,health,2026-03-13,1,success,
2026-03-13T21:37:46.994907,physiological,2026-03-13,1,success,
2026-03-13T21:37:47.092239,eufy_body_composition,2026-03-13,0,success,
2026-03-13T21:37:47.581248,weekly_training_zones,2026-03-13,0,success,
2026-03-13T21:37:47.594958,recovery_trends,2026-03-13,1,success,
2026-03-13T21:37:47.599306,telegram_data,2026-03-13,0,failed,'food'
2026-03-14T21:30:58.177353,activities,2026-03-14,1,success,
2026-03-14T21:31:26.384870,health,2026-03-14,1,success,
2026-03-14T21:31:29.011851,physiological,2026-03-14,1,success,
2026-03-14T21:31:29.074496,eufy_body_composition,2026-03-14,0,success,
2026-03-14T21:31:29.579685,weekly_training_zones,2026-03-14,0,success,
2026-03-14T21:31:29.594082,recovery_trends,2026-03-14,1,success,
2026-03-14T21:31:29.598314,telegram_data,2026-03-14,0,failed,'food'
2026-03-15T21:32:04.658416,activities,2026-03-15,0,success,
2026-03-15T21:32:16.150830,health,2026-03-15,1,success,
2026-03-15T21:32:20.226984,physiological,2026-03-15,1,success,
2026-03-15T21:32:20.316356,eufy_body_composition,2026-03-15,0,success,
2026-03-15T21:32:21.319380,weekly_training_zones,2026-03-15,0,success,
2026-03-15T21:32:21.333748,recovery_trends,2026-03-15,1,success,
2026-03-15T21:32:21.337871,telegram_data,2026-03-15,0,failed,'food'
2026-03-16T21:44:28.045812,activities,2026-03-16,1,success,
2026-03-16T21:44:38.798790,health,2026-03-16,1,success,
2026-03-16T21:44:43.214597,physiological,2026-03-16,1,success,
2026-03-16T21:44:43.336780,eufy_body_composition,2026-03-16,0,success,
2026-03-16T21:44:43.406185,weekly_training_zones,2026-03-16,1,success,
2026-03-16T21:44:43.420172,recovery_trends,2026-03-16,1,success,
2026-03-16T21:44:43.424597,telegram_data,2026-03-16,0,failed,'food'
2026-04-03T21:38:44.219765,activities,2026-04-03,7,success,
2026-04-03T21:39:11.191284,health,2026-04-03,18,success,
2026-04-03T21:39:21.997546,physiological,2026-04-03,18,success,
2026-04-03T21:39:22.119728,eufy_body_composition,2026-04-03,0,success,
2026-04-03T21:39:22.974082,weekly_training_zones,2026-04-03,1,success,
2026-04-03T21:39:22.988277,recovery_trends,2026-04-03,1,success,
2026-04-03T21:39:22.992539,telegram_data,2026-04-03,0,failed,'food'
2026-04-11T21:37:47.592701,activities,2026-04-11,3,success,
2026-04-11T21:38:15.087150,health,2026-04-11,8,success,
2026-04-11T21:38:25.908355,physiological,2026-04-11,8,success,
2026-04-11T21:38:25.967712,eufy_body_composition,2026-04-11,0,success,
2026-04-11T21:38:27.506855,weekly_training_zones,2026-04-11,1,success,
2026-04-11T21:38:27.521516,recovery_trends,2026-04-11,1,success,
2026-04-11T21:38:27.525807,telegram_data,2026-04-11,0,failed,'food'
2026-04-12T21:39:09.293310,activities,2026-04-12,1,success,
2026-04-12T21:39:20.260655,health,2026-04-12,1,success,
2026-04-12T21:39:24.622245,physiological,2026-04-12,1,success,
2026-04-12T21:39:24.778838,eufy_body_composition,2026-04-12,0,success,
2026-04-12T21:39:26.309898,weekly_training_zones,2026-04-12,0,success,
2026-04-12T21:39:26.324491,recovery_trends,2026-04-12,1,success,
2026-04-12T21:39:26.328889,telegram_data,2026-04-12,0,failed,'food'
2026-04-13T21:54:00.027514,activities,2026-04-13,0,success,
2026-04-13T21:54:14.721804,health,2026-04-13,1,success,
2026-04-13T21:54:21.967336,physiological,2026-04-13,1,success,
2026-04-13T21:54:22.079193,eufy_body_composition,2026-04-13,0,success,
2026-04-13T21:54:22.209464,weekly_training_zones,2026-04-13,1,success,
2026-04-13T21:54:22.223506,recovery_trends,2026-04-13,1,success,
2026-04-13T21:54:22.227766,telegram_data,2026-04-13,0,failed,'food'
2026-04-14T21:54:49.862073,activities,2026-04-14,0,success,
2026-04-14T21:55:05.922802,health,2026-04-14,1,success,
2026-04-14T21:55:12.472887,physiological,2026-04-14,1,success,
2026-04-14T21:55:12.538209,eufy_body_composition,2026-04-14,0,success,
2026-04-14T21:55:12.690465,weekly_training_zones,2026-04-14,0,success,
2026-04-14T21:55:12.722583,recovery_trends,2026-04-14,1,success,
2026-04-14T21:55:12.727540,telegram_data,2026-04-14,0,failed,'food'
2026-04-15T21:56:31.588292,activities,2026-04-15,1,success,
2026-04-15T21:56:48.736722,health,2026-04-15,1,success,
2026-04-15T21:56:56.587096,physiological,2026-04-15,1,success,
2026-04-15T21:56:56.728173,eufy_body_composition,2026-04-15,0,success,
2026-04-15T21:56:57.320456,weekly_training_zones,2026-04-15,0,success,
2026-04-15T21:56:57.350368,recovery_trends,2026-04-15,1,success,
2026-04-15T21:56:57.354746,telegram_data,2026-04-15,0,failed,'food'
2026-04-16T21:49:28.983501,activities,2026-04-16,1,success,
2026-04-16T21:49:42.916267,health,2026-04-16,1,success,
2026-04-16T21:49:49.687621,physiological,2026-04-16,1,success,
2026-04-16T21:49:49.810129,eufy_body_composition,2026-04-16,0,success,
2026-04-16T21:49:50.691885,weekly_training_zones,2026-04-16,0,success,
2026-04-16T21:49:50.723575,recovery_trends,2026-04-16,1,success,
2026-04-16T21:49:50.728252,telegram_data,2026-04-16,0,failed,'food'
2026-04-17T21:49:31.429795,activities,2026-04-17,1,success,
2026-04-17T21:49:45.182541,health,2026-04-17,1,success,
2026-04-17T21:49:51.917356,physiological,2026-04-17,1,success,
2026-04-17T21:49:52.042172,eufy_body_composition,2026-04-17,0,success,
2026-04-17T21:49:53.236108,weekly_training_zones,2026-04-17,0,success,
2026-04-17T21:49:53.252059,recovery_trends,2026-04-17,1,success,
2026-04-17T21:49:53.257318,telegram_data,2026-04-17,0,failed,'food'
2026-04-18T21:40:04.539990,activities,2026-04-18,0,success,
2026-04-18T21:40:18.566411,health,2026-04-18,1,success,
2026-04-18T21:40:25.469508,physiological,2026-04-18,1,success,
2026-04-18T21:40:25.656705,eufy_body_composition,2026-04-18,0,success,
2026-04-18T21:40:26.843946,weekly_training_zones,2026-04-18,0,success,
2026-04-18T21:40:26.859394,recovery_trends,2026-04-18,1,success,
2026-04-18T21:40:26.864180,telegram_data,2026-04-18,0,failed,'food'
2026-04-19T21:40:22.094362,activities,2026-04-19,1,success,
2026-04-19T21:40:35.845587,health,2026-04-19,1,success,
2026-04-19T21:40:42.125705,physiological,2026-04-19,1,success,
2026-04-19T21:40:42.242484,eufy_body_composition,2026-04-19,0,success,
2026-04-19T21:40:43.673162,weekly_training_zones,2026-04-19,0,success,
2026-04-19T21:40:43.687877,recovery_trends,2026-04-19,1,success,
2026-04-19T21:40:43.692549,telegram_data,2026-04-19,0,failed,'food'
2026-04-20T21:51:58.436383,activities,2026-04-20,0,success,
2026-04-20T21:52:14.966550,health,2026-04-20,1,success,
2026-04-20T21:52:22.930892,physiological,2026-04-20,1,success,
2026-04-20T21:52:23.082010,eufy_body_composition,2026-04-20,0,success,
2026-04-20T21:52:23.242578,weekly_training_zones,2026-04-20,1,success,
2026-04-20T21:52:23.257611,recovery_trends,2026-04-20,1,success,
2026-04-20T21:52:23.262438,telegram_data,2026-04-20,0,failed,'food'
2026-04-21T21:50:05.528074,activities,2026-04-21,1,success,
2026-04-21T21:50:17.505700,health,2026-04-21,1,success,
2026-04-21T21:50:23.305448,physiological,2026-04-21,1,success,
2026-04-21T21:50:23.378652,eufy_body_composition,2026-04-21,0,success,
2026-04-21T21:50:23.751625,weekly_training_zones,2026-04-21,0,success,
2026-04-21T21:50:23.765305,recovery_trends,2026-04-21,1,success,
2026-04-21T21:50:23.770005,telegram_data,2026-04-21,0,failed,'food'
2026-04-22T21:53:29.793393,activities,2026-04-22,0,success,
2026-04-22T21:53:43.527872,health,2026-04-22,1,success,
2026-04-22T21:53:50.013050,physiological,2026-04-22,1,success,
2026-04-22T21:53:50.077593,eufy_body_composition,2026-04-22,0,success,
2026-04-22T21:53:50.916974,weekly_training_zones,2026-04-22,0,success,
2026-04-22T21:53:50.931516,recovery_trends,2026-04-22,1,success,
2026-04-22T21:53:50.935976,telegram_data,2026-04-22,0,failed,'food'
2026-04-23T21:52:15.565270,activities,2026-04-23,0,success,
2026-04-23T21:52:28.728695,health,2026-04-23,1,success,
2026-04-23T21:52:34.938018,physiological,2026-04-23,1,success,
2026-04-23T21:52:34.999643,eufy_body_composition,2026-04-23,0,success,
2026-04-23T21:52:35.674681,weekly_training_zones,2026-04-23,0,success,
2026-04-23T21:52:35.689416,recovery_trends,2026-04-23,1,success,
2026-04-23T21:52:35.693904,telegram_data,2026-04-23,0,failed,'food'
2026-04-24T21:52:28.916692,activities,2026-04-24,1,success,
2026-04-24T21:52:42.373027,health,2026-04-24,1,success,
2026-04-24T21:52:48.842376,physiological,2026-04-24,1,success,
2026-04-24T21:52:48.898441,eufy_body_composition,2026-04-24,0,success,
2026-04-24T21:52:49.769950,weekly_training_zones,2026-04-24,0,success,
2026-04-24T21:52:49.784892,recovery_trends,2026-04-24,1,success,
2026-04-24T21:52:49.789465,telegram_data,2026-04-24,0,failed,'food'
2026-04-25T21:40:10.246297,activities,2026-04-25,0,success,
2026-04-25T21:40:22.886495,health,2026-04-25,1,success,
2026-04-25T21:40:29.228480,physiological,2026-04-25,1,success,
2026-04-25T21:40:29.277826,eufy_body_composition,2026-04-25,0,success,
2026-04-25T21:40:30.339377,weekly_training_zones,2026-04-25,0,success,
2026-04-25T21:40:30.350326,recovery_trends,2026-04-25,1,success,
2026-04-25T21:40:30.353949,telegram_data,2026-04-25,0,failed,'food'
2026-04-26T21:42:24.683984,activities,2026-04-26,1,success,
2026-04-26T21:42:37.669076,health,2026-04-26,1,success,
2026-04-26T21:42:43.782550,physiological,2026-04-26,1,success,
2026-04-26T21:42:43.839847,eufy_body_composition,2026-04-26,0,success,
2026-04-26T21:42:45.361984,weekly_training_zones,2026-04-26,0,success,
2026-04-26T21:42:45.377286,recovery_trends,2026-04-26,1,success,
2026-04-26T21:42:45.384031,telegram_data,2026-04-26,0,failed,'food'
2026-04-27T21:56:38.805849,activities,2026-04-27,0,success,
2026-04-27T21:56:53.432925,health,2026-04-27,1,success,
2026-04-27T21:57:00.615179,physiological,2026-04-27,1,success,
2026-04-27T21:57:00.717027,eufy_body_composition,2026-04-27,0,success,
2026-04-27T21:57:00.839243,weekly_training_zones,2026-04-27,1,success,
2026-04-27T21:57:00.853041,recovery_trends,2026-04-27,1,success,
2026-04-27T21:57:00.857640,telegram_data,2026-04-27,0,failed,'food'
2026-04-28T22:02:15.498266,activities,2026-04-28,0,success,
2026-04-28T22:02:29.511168,health,2026-04-28,1,success,
2026-04-28T22:02:36.023640,physiological,2026-04-28,1,success,
2026-04-28T22:02:36.081746,eufy_body_composition,2026-04-28,0,success,
2026-04-28T22:02:36.204669,weekly_training_zones,2026-04-28,0,success,
2026-04-28T22:02:36.220981,recovery_trends,2026-04-28,1,success,
2026-04-28T22:02:36.226757,telegram_data,2026-04-28,0,failed,'food'
2026-04-29T22:02:42.952705,activities,2026-04-29,0,success,
2026-04-29T22:02:57.877506,health,2026-04-29,1,success,
2026-04-29T22:03:05.149440,physiological,2026-04-29,1,success,
2026-04-29T22:03:05.244747,eufy_body_composition,2026-04-29,0,success,
2026-04-29T22:03:05.376975,weekly_training_zones,2026-04-29,0,success,
2026-04-29T22:03:05.391556,recovery_trends,2026-04-29,1,success,
2026-04-29T22:03:05.396282,telegram_data,2026-04-29,0,failed,'food'
2026-04-30T21:59:36.400215,activities,2026-04-30,1,success,
2026-04-30T21:59:47.006532,health,2026-04-30,1,success,
2026-04-30T21:59:51.701907,physiological,2026-04-30,1,success,
2026-04-30T21:59:51.859024,eufy_body_composition,2026-04-30,0,success,
2026-04-30T21:59:52.207816,weekly_training_zones,2026-04-30,0,success,
2026-04-30T21:59:52.221786,recovery_trends,2026-04-30,1,success,
2026-04-30T21:59:52.226244,telegram_data,2026-04-30,0,failed,'food'
2026-05-01T21:56:26.696692,activities,2026-05-01,1,success,
2026-05-01T21:56:37.562640,health,2026-05-01,1,success,
2026-05-01T21:56:43.045946,physiological,2026-05-01,1,success,
2026-05-01T21:56:43.222428,eufy_body_composition,2026-05-01,0,success,
2026-05-01T21:56:43.733230,weekly_training_zones,2026-05-01,0,success,
2026-05-01T21:56:43.748151,recovery_trends,2026-05-01,1,success,
2026-05-01T21:56:43.752810,telegram_data,2026-05-01,0,failed,'food'
2026-05-02T21:48:39.569967,activities,2026-05-02,2,success,
2026-05-02T21:48:50.133337,health,2026-05-02,1,success,
2026-05-02T21:48:55.486504,physiological,2026-05-02,1,success,
2026-05-02T21:48:55.640061,eufy_body_composition,2026-05-02,0,success,
2026-05-02T21:48:56.336041,weekly_training_zones,2026-05-02,0,success,
2026-05-02T21:48:56.350705,recovery_trends,2026-05-02,1,success,
2026-05-02T21:48:56.355169,telegram_data,2026-05-02,0,failed,'food'
2026-05-03T21:49:49.748787,activities,2026-05-03,2,success,
2026-05-03T21:50:04.382289,health,2026-05-03,1,success,
2026-05-03T21:50:11.780462,physiological,2026-05-03,1,success,
2026-05-03T21:50:11.900060,eufy_body_composition,2026-05-03,0,success,
2026-05-03T21:50:13.400434,weekly_training_zones,2026-05-03,0,success,
2026-05-03T21:50:13.411453,recovery_trends,2026-05-03,1,success,
2026-05-03T21:50:13.415005,telegram_data,2026-05-03,0,failed,'food'
2026-05-04T22:05:18.873804,activities,2026-05-04,0,success,
2026-05-04T22:05:32.624253,health,2026-05-04,1,success,
2026-05-04T22:05:39.358015,physiological,2026-05-04,1,success,
2026-05-04T22:05:39.425748,eufy_body_composition,2026-05-04,0,success,
2026-05-04T22:05:39.523928,weekly_training_zones,2026-05-04,1,success,
2026-05-04T22:05:39.539636,recovery_trends,2026-05-04,1,success,
2026-05-04T22:05:39.544582,telegram_data,2026-05-04,0,failed,'food'
2026-05-05T22:03:30.181430,activities,2026-05-05,0,success,
2026-05-05T22:03:42.043810,health,2026-05-05,1,success,
2026-05-05T22:03:47.582084,physiological,2026-05-05,1,success,
2026-05-05T22:03:47.642001,eufy_body_composition,2026-05-05,0,success,
2026-05-05T22:03:47.731485,weekly_training_zones,2026-05-05,0,success,
2026-05-05T22:03:47.746792,recovery_trends,2026-05-05,1,success,
2026-05-05T22:03:47.751613,telegram_data,2026-05-05,0,failed,'food'
2026-05-06T22:00:22.148606,activities,2026-05-06,0,success,
2026-05-06T22:00:53.996218,health,2026-05-06,1,success,
2026-05-06T22:01:00.505754,physiological,2026-05-06,1,success,
2026-05-06T22:01:00.580187,eufy_body_composition,2026-05-06,0,success,
2026-05-06T22:01:00.674804,weekly_training_zones,2026-05-06,0,success,
2026-05-06T22:01:00.688900,recovery_trends,2026-05-06,1,success,
2026-05-06T22:01:00.693441,telegram_data,2026-05-06,0,failed,'food'
2026-05-07T22:03:55.776165,activities,2026-05-07,0,success,
2026-05-07T22:04:08.820677,health,2026-05-07,1,success,
2026-05-07T22:04:14.656499,physiological,2026-05-07,1,success,
2026-05-07T22:04:14.806549,eufy_body_composition,2026-05-07,0,success,
2026-05-07T22:04:14.901088,weekly_training_zones,2026-05-07,0,success,
2026-05-07T22:04:14.915148,recovery_trends,2026-05-07,1,success,
2026-05-07T22:04:14.919706,telegram_data,2026-05-07,0,failed,'food'
2026-05-08T22:00:31.791007,activities,2026-05-08,1,success,
2026-05-08T22:00:45.449130,health,2026-05-08,1,success,
2026-05-08T22:00:52.134620,physiological,2026-05-08,1,success,
2026-05-08T22:00:52.248084,eufy_body_composition,2026-05-08,0,success,
2026-05-08T22:00:52.725607,weekly_training_zones,2026-05-08,0,success,
2026-05-08T22:00:52.739544,recovery_trends,2026-05-08,1,success,
2026-05-08T22:00:52.744093,telegram_data,2026-05-08,0,failed,'food'
2026-05-09T21:51:11.707020,activities,2026-05-09,0,success,
2026-05-09T21:51:23.418868,health,2026-05-09,1,success,
2026-05-09T21:51:29.069663,physiological,2026-05-09,1,success,
2026-05-09T21:51:29.139725,eufy_body_composition,2026-05-09,0,success,
2026-05-09T21:51:29.544175,weekly_training_zones,2026-05-09,0,success,
2026-05-09T21:51:29.558163,recovery_trends,2026-05-09,1,success,
2026-05-09T21:51:29.562738,telegram_data,2026-05-09,0,failed,'food'
2026-05-10T21:52:34.644736,activities,2026-05-10,0,success,
2026-05-10T21:52:44.644317,health,2026-05-10,1,success,
2026-05-10T21:52:49.867835,physiological,2026-05-10,1,success,
2026-05-10T21:52:49.999276,eufy_body_composition,2026-05-10,0,success,
2026-05-10T21:52:50.480976,weekly_training_zones,2026-05-10,0,success,
2026-05-10T21:52:50.496461,recovery_trends,2026-05-10,1,success,
2026-05-10T21:52:50.501452,telegram_data,2026-05-10,0,failed,'food'
2026-05-11T22:09:49.205238,activities,2026-05-11,0,success,
2026-05-11T22:10:02.926870,health,2026-05-11,1,success,
2026-05-11T22:10:09.802416,physiological,2026-05-11,1,success,
2026-05-11T22:10:09.904253,eufy_body_composition,2026-05-11,0,success,
2026-05-11T22:10:10.005288,weekly_training_zones,2026-05-11,1,success,
2026-05-11T22:10:10.023748,recovery_trends,2026-05-11,1,success,
2026-05-11T22:10:10.028701,telegram_data,2026-05-11,0,failed,'food'
2026-05-12T22:14:46.006222,activities,2026-05-12,1,success,
2026-05-12T22:14:57.585815,health,2026-05-12,1,success,
2026-05-12T22:15:04.359079,physiological,2026-05-12,1,success,
2026-05-12T22:15:04.512638,eufy_body_composition,2026-05-12,0,success,
2026-05-12T22:15:04.824556,weekly_training_zones,2026-05-12,0,success,
2026-05-12T22:15:04.839541,recovery_trends,2026-05-12,1,success,
2026-05-12T22:15:04.844385,telegram_data,2026-05-12,0,failed,'food'
2026-05-13T22:16:56.428397,activities,2026-05-13,0,success,
2026-05-13T22:17:07.729400,health,2026-05-13,1,success,
2026-05-13T22:17:13.690803,physiological,2026-05-13,1,success,
2026-05-13T22:17:13.841909,eufy_body_composition,2026-05-13,0,success,
2026-05-13T22:17:14.275948,weekly_training_zones,2026-05-13,0,success,
2026-05-13T22:17:14.287491,recovery_trends,2026-05-13,1,success,
2026-05-13T22:17:14.292127,telegram_data,2026-05-13,0,failed,'food'
2026-05-14T22:13:56.748894,activities,2026-05-14,0,success,
2026-05-14T22:14:11.932606,health,2026-05-14,1,success,
2026-05-14T22:14:17.429938,physiological,2026-05-14,1,success,
2026-05-14T22:14:17.553377,eufy_body_composition,2026-05-14,0,success,
2026-05-14T22:14:18.272883,weekly_training_zones,2026-05-14,0,success,
2026-05-14T22:14:18.287465,recovery_trends,2026-05-14,1,success,
2026-05-14T22:14:18.292153,telegram_data,2026-05-14,0,failed,'food'
2026-05-15T22:01:26.080691,activities,2026-05-15,2,success,
2026-05-15T22:01:36.851979,health,2026-05-15,1,success,
2026-05-15T22:01:40.748381,physiological,2026-05-15,1,success,
2026-05-15T22:01:40.921806,eufy_body_composition,2026-05-15,0,success,
2026-05-15T22:01:41.853519,weekly_training_zones,2026-05-15,0,success,
2026-05-15T22:01:41.869901,recovery_trends,2026-05-15,1,success,
2026-05-15T22:01:41.875181,telegram_data,2026-05-15,0,failed,'food'
2026-05-16T21:54:15.792628,activities,2026-05-16,0,success,
2026-05-16T21:54:26.978940,health,2026-05-16,1,success,
2026-05-16T21:54:31.793589,physiological,2026-05-16,1,success,
2026-05-16T21:54:31.840738,eufy_body_composition,2026-05-16,0,success,
2026-05-16T21:54:32.910904,weekly_training_zones,2026-05-16,0,success,
2026-05-16T21:54:32.925859,recovery_trends,2026-05-16,1,success,
2026-05-16T21:54:32.930652,telegram_data,2026-05-16,0,failed,'food'
2026-05-17T21:58:20.965393,activities,2026-05-17,0,success,
2026-05-17T21:58:31.807951,health,2026-05-17,1,success,
2026-05-17T21:58:36.566971,physiological,2026-05-17,1,success,
2026-05-17T21:58:36.636111,eufy_body_composition,2026-05-17,0,success,
2026-05-17T21:58:37.883004,weekly_training_zones,2026-05-17,0,success,
2026-05-17T21:58:37.898868,recovery_trends,2026-05-17,1,success,
2026-05-17T21:58:37.903853,telegram_data,2026-05-17,0,failed,'food'
2026-05-18T22:05:35.050929,activities,2026-05-18,0,success,
2026-05-18T22:05:44.969582,health,2026-05-18,1,success,
2026-05-18T22:05:49.148870,physiological,2026-05-18,1,success,
2026-05-18T22:05:49.271650,eufy_body_composition,2026-05-18,0,success,
2026-05-18T22:05:49.353150,weekly_training_zones,2026-05-18,1,success,
2026-05-18T22:05:49.368250,recovery_trends,2026-05-18,1,success,
2026-05-18T22:05:49.374862,telegram_data,2026-05-18,0,failed,'food'
2026-05-19T22:18:44.252974,activities,2026-05-19,1,success,
2026-05-19T22:18:55.580246,health,2026-05-19,1,success,
2026-05-19T22:19:00.619241,physiological,2026-05-19,1,success,
2026-05-19T22:19:00.734022,eufy_body_composition,2026-05-19,0,success,
2026-05-19T22:19:01.167804,weekly_training_zones,2026-05-19,0,success,
2026-05-19T22:19:01.183459,recovery_trends,2026-05-19,1,success,
2026-05-19T22:19:01.188615,telegram_data,2026-05-19,0,failed,'food'
2026-05-20T22:24:53.945515,activities,2026-05-20,1,success,
2026-05-20T22:25:05.221376,health,2026-05-20,1,success,
2026-05-20T22:25:09.358176,physiological,2026-05-20,1,success,
2026-05-20T22:25:09.558586,eufy_body_composition,2026-05-20,0,success,
2026-05-20T22:25:10.011537,weekly_training_zones,2026-05-20,0,success,
2026-05-20T22:25:10.025878,recovery_trends,2026-05-20,1,success,
2026-05-20T22:25:10.030630,telegram_data,2026-05-20,0,failed,'food'
2026-05-21T22:22:38.908864,activities,2026-05-21,0,success,
2026-05-21T22:22:52.472193,health,2026-05-21,1,success,
2026-05-21T22:22:58.407534,physiological,2026-05-21,1,success,
2026-05-21T22:22:58.500852,eufy_body_composition,2026-05-21,0,success,
2026-05-21T22:22:59.437977,weekly_training_zones,2026-05-21,0,success,
2026-05-21T22:22:59.449270,recovery_trends,2026-05-21,1,success,
2026-05-21T22:22:59.453078,telegram_data,2026-05-21,0,failed,'food'
2026-05-22T22:11:15.155972,activities,2026-05-22,1,success,
2026-05-22T22:11:28.936258,health,2026-05-22,1,success,
2026-05-22T22:11:34.119108,physiological,2026-05-22,1,success,
2026-05-22T22:11:34.168429,eufy_body_composition,2026-05-22,0,success,
2026-05-22T22:11:35.138323,weekly_training_zones,2026-05-22,0,success,
2026-05-22T22:11:35.154489,recovery_trends,2026-05-22,1,success,
2026-05-22T22:11:35.159583,telegram_data,2026-05-22,0,failed,'food'
2026-05-23T21:57:46.760500,activities,2026-05-23,0,success,
2026-05-23T21:57:57.892723,health,2026-05-23,1,success,
2026-05-23T21:58:03.587643,physiological,2026-05-23,1,success,
2026-05-23T21:58:03.656635,eufy_body_composition,2026-05-23,0,success,
2026-05-23T21:58:04.518130,weekly_training_zones,2026-05-23,0,success,
2026-05-23T21:58:04.532688,recovery_trends,2026-05-23,1,success,
2026-05-23T21:58:04.537384,telegram_data,2026-05-23,0,failed,'food'
2026-05-24T21:58:37.700653,activities,2026-05-24,0,success,
2026-05-24T21:58:49.723813,health,2026-05-24,1,success,
2026-05-24T21:58:54.632240,physiological,2026-05-24,1,success,
2026-05-24T21:58:54.689215,eufy_body_composition,2026-05-24,0,success,
2026-05-24T21:58:55.850003,weekly_training_zones,2026-05-24,0,success,
2026-05-24T21:58:55.865714,recovery_trends,2026-05-24,1,success,
2026-05-24T21:58:55.870781,telegram_data,2026-05-24,0,failed,'food'
2026-05-25T22:10:34.121423,activities,2026-05-25,0,success,
2026-05-25T22:10:48.102073,health,2026-05-25,1,success,
2026-05-25T22:10:54.309003,physiological,2026-05-25,1,success,
2026-05-25T22:10:54.427709,eufy_body_composition,2026-05-25,0,success,
2026-05-25T22:10:54.540738,weekly_training_zones,2026-05-25,1,success,
2026-05-25T22:10:54.556120,recovery_trends,2026-05-25,1,success,
2026-05-25T22:10:54.561038,telegram_data,2026-05-25,0,failed,'food'
2026-05-26T22:22:44.495481,activities,2026-05-26,1,success,
2026-05-26T22:22:57.269396,health,2026-05-26,1,success,
2026-05-26T22:23:03.059610,physiological,2026-05-26,1,success,
2026-05-26T22:23:03.249475,eufy_body_composition,2026-05-26,0,success,
2026-05-26T22:23:03.700207,weekly_training_zones,2026-05-26,0,success,
2026-05-26T22:23:03.714786,recovery_trends,2026-05-26,1,success,
2026-05-26T22:23:03.719588,telegram_data,2026-05-26,0,failed,'food'
2026-05-27T22:43:44.304698,activities,2026-05-27,0,success,
2026-05-27T22:43:57.164987,health,2026-05-27,1,success,
2026-05-27T22:44:03.885019,physiological,2026-05-27,1,success,
2026-05-27T22:44:03.957048,eufy_body_composition,2026-05-27,0,success,
2026-05-27T22:44:04.560332,weekly_training_zones,2026-05-27,0,success,
2026-05-27T22:44:04.575014,recovery_trends,2026-05-27,1,success,
2026-05-27T22:44:04.579899,telegram_data,2026-05-27,0,failed,'food'
2026-05-28T22:42:07.598129,activities,2026-05-28,0,success,
2026-05-28T22:42:20.075000,health,2026-05-28,1,success,
2026-05-28T22:42:25.511868,physiological,2026-05-28,1,success,
2026-05-28T22:42:25.559310,eufy_body_composition,2026-05-28,0,success,
2026-05-28T22:42:26.350392,weekly_training_zones,2026-05-28,0,success,
2026-05-28T22:42:26.366766,recovery_trends,2026-05-28,1,success,
2026-05-28T22:42:26.372076,telegram_data,2026-05-28,0,failed,'food'
2026-05-29T22:38:49.838782,activities,2026-05-29,0,success,
2026-05-29T22:39:04.980208,health,2026-05-29,1,success,
2026-05-29T22:39:11.263684,physiological,2026-05-29,1,success,
2026-05-29T22:39:11.531058,eufy_body_composition,2026-05-29,0,success,
2026-05-29T22:39:12.763419,weekly_training_zones,2026-05-29,0,success,
2026-05-29T22:39:12.778204,recovery_trends,2026-05-29,1,success,
2026-05-29T22:39:12.783112,telegram_data,2026-05-29,0,failed,'food'
2026-05-30T22:03:29.338378,activities,2026-05-30,4,success,
2026-05-30T22:03:43.160039,health,2026-05-30,1,success,
2026-05-30T22:03:49.294197,physiological,2026-05-30,1,success,
2026-05-30T22:03:49.413666,eufy_body_composition,2026-05-30,0,success,
2026-05-30T22:03:50.603327,weekly_training_zones,2026-05-30,0,success,
2026-05-30T22:03:50.618090,recovery_trends,2026-05-30,1,success,
2026-05-30T22:03:50.623037,telegram_data,2026-05-30,0,failed,'food'
2026-05-31T22:03:27.307814,activities,2026-05-31,0,success,
2026-05-31T22:03:41.535125,health,2026-05-31,1,success,
2026-05-31T22:03:47.467092,physiological,2026-05-31,1,success,
2026-05-31T22:03:47.563812,eufy_body_composition,2026-05-31,0,success,
2026-05-31T22:03:49.060921,weekly_training_zones,2026-05-31,0,success,
2026-05-31T22:03:49.077272,recovery_trends,2026-05-31,1,success,
2026-05-31T22:03:49.082570,telegram_data,2026-05-31,0,failed,'food'
2026-06-01T23:03:14.853411,activities,2026-06-01,1,success,
2026-06-01T23:03:25.352758,health,2026-06-01,1,success,
2026-06-01T23:03:29.695667,physiological,2026-06-01,1,success,
2026-06-01T23:03:29.872139,eufy_body_composition,2026-06-01,0,success,
2026-06-01T23:03:30.155765,weekly_training_zones,2026-06-01,1,success,
2026-06-01T23:03:30.171739,recovery_trends,2026-06-01,1,success,
2026-06-01T23:03:30.176806,telegram_data,2026-06-01,0,failed,'food'
2026-06-02T23:04:15.962187,activities,2026-06-02,1,success,
2026-06-02T23:04:30.856452,health,2026-06-02,1,success,
2026-06-02T23:04:38.064129,physiological,2026-06-02,1,success,
2026-06-02T23:04:38.180225,eufy_body_composition,2026-06-02,0,success,
2026-06-02T23:04:38.900318,weekly_training_zones,2026-06-02,0,success,
2026-06-02T23:04:38.916268,recovery_trends,2026-06-02,1,success,
2026-06-02T23:04:38.921444,telegram_data,2026-06-02,0,failed,'food'
2026-06-03T23:06:48.993994,activities,2026-06-03,0,success,
2026-06-03T23:07:00.308626,health,2026-06-03,1,success,
2026-06-03T23:07:05.949673,physiological,2026-06-03,1,success,
2026-06-03T23:07:06.117717,eufy_body_composition,2026-06-03,0,success,
2026-06-03T23:07:06.857259,weekly_training_zones,2026-06-03,0,success,
2026-06-03T23:07:06.874289,recovery_trends,2026-06-03,1,success,
2026-06-03T23:07:06.879756,telegram_data,2026-06-03,0,failed,'food'
2026-06-04T22:23:05.651295,activities,2026-06-04,0,success,
2026-06-04T22:23:18.293651,health,2026-06-04,1,success,
2026-06-04T22:23:23.272193,physiological,2026-06-04,1,success,
2026-06-04T22:23:23.363717,eufy_body_composition,2026-06-04,0,success,
2026-06-04T22:23:24.350802,weekly_training_zones,2026-06-04,0,success,
2026-06-04T22:23:24.367318,recovery_trends,2026-06-04,1,success,
2026-06-04T22:23:24.372639,telegram_data,2026-06-04,0,failed,'food'
2026-06-05T22:17:42.932600,activities,2026-06-05,0,success,
2026-06-05T22:17:56.639259,health,2026-06-05,1,success,
2026-06-05T22:18:03.107462,physiological,2026-06-05,1,success,
2026-06-05T22:18:03.223594,eufy_body_composition,2026-06-05,0,success,
2026-06-05T22:18:04.404925,weekly_training_zones,2026-06-05,0,success,
2026-06-05T22:18:04.421511,recovery_trends,2026-06-05,1,success,
2026-06-05T22:18:04.426921,telegram_data,2026-06-05,0,failed,'food'
2026-06-06T22:06:08.844448,activities,2026-06-06,0,success,
2026-06-06T22:06:20.352882,health,2026-06-06,1,success,
2026-06-06T22:06:25.157527,physiological,2026-06-06,1,success,
2026-06-06T22:06:25.304304,eufy_body_composition,2026-06-06,0,success,
2026-06-06T22:06:26.342496,weekly_training_zones,2026-06-06,0,success,
2026-06-06T22:06:26.358161,recovery_trends,2026-06-06,1,success,
2026-06-06T22:06:26.363654,telegram_data,2026-06-06,0,failed,'food'
2026-06-07T22:07:50.353786,activities,2026-06-07,0,success,
2026-06-07T22:08:03.759345,health,2026-06-07,1,success,
2026-06-07T22:08:09.125513,physiological,2026-06-07,1,success,
2026-06-07T22:08:09.294272,eufy_body_composition,2026-06-07,0,success,
2026-06-07T22:08:10.680057,weekly_training_zones,2026-06-07,0,success,
2026-06-07T22:08:10.695082,recovery_trends,2026-06-07,1,success,
2026-06-07T22:08:10.700082,telegram_data,2026-06-07,0,failed,'food'
2026-06-08T22:41:33.653300,activities,2026-06-08,0,success,
2026-06-08T22:41:43.964234,health,2026-06-08,1,success,
2026-06-08T22:41:47.842290,physiological,2026-06-08,1,success,
2026-06-08T22:41:48.005303,eufy_body_composition,2026-06-08,0,success,
2026-06-08T22:41:48.077441,weekly_training_zones,2026-06-08,1,success,
2026-06-08T22:41:48.093324,recovery_trends,2026-06-08,1,success,
2026-06-08T22:41:48.098569,telegram_data,2026-06-08,0,failed,'food'
2026-06-09T22:25:59.729337,activities,2026-06-09,0,success,
2026-06-09T22:26:13.502092,health,2026-06-09,1,success,
2026-06-09T22:26:18.870377,physiological,2026-06-09,1,success,
2026-06-09T22:26:18.938163,eufy_body_composition,2026-06-09,0,success,
2026-06-09T22:26:19.054403,weekly_training_zones,2026-06-09,0,success,
2026-06-09T22:26:19.070911,recovery_trends,2026-06-09,1,success,
2026-06-09T22:26:19.076303,telegram_data,2026-06-09,0,failed,'food'
2026-06-10T22:53:01.747045,activities,2026-06-10,1,success,
2026-06-10T22:53:16.422988,health,2026-06-10,1,success,
2026-06-10T22:53:23.236445,physiological,2026-06-10,1,success,
2026-06-10T22:53:23.403491,eufy_body_composition,2026-06-10,0,success,
2026-06-10T22:53:24.096342,weekly_training_zones,2026-06-10,0,success,
2026-06-10T22:53:24.111775,recovery_trends,2026-06-10,1,success,
2026-06-10T22:53:24.116905,telegram_data,2026-06-10,0,failed,'food'
2026-06-11T22:50:46.196216,activities,2026-06-11,0,success,
2026-06-11T22:50:57.628644,health,2026-06-11,1,success,
2026-06-11T22:51:03.186847,physiological,2026-06-11,1,success,
2026-06-11T22:51:03.294596,eufy_body_composition,2026-06-11,0,success,
2026-06-11T22:51:03.861765,weekly_training_zones,2026-06-11,0,success,
2026-06-11T22:51:03.877177,recovery_trends,2026-06-11,1,success,
2026-06-11T22:51:03.882376,telegram_data,2026-06-11,0,failed,'food'
2026-06-12T22:26:22.053714,activities,2026-06-12,0,success,
2026-06-12T22:26:33.832380,health,2026-06-12,1,success,
2026-06-12T22:26:38.646411,physiological,2026-06-12,1,success,
2026-06-12T22:26:38.748769,eufy_body_composition,2026-06-12,0,success,
2026-06-12T22:26:39.488679,weekly_training_zones,2026-06-12,0,success,
2026-06-12T22:26:39.505087,recovery_trends,2026-06-12,1,success,
2026-06-12T22:26:39.510401,telegram_data,2026-06-12,0,failed,'food'
2026-06-13T22:07:44.117732,activities,2026-06-13,3,success,
2026-06-13T22:07:53.888241,health,2026-06-13,1,success,
2026-06-13T22:07:58.134623,physiological,2026-06-13,1,success,
2026-06-13T22:07:58.225703,eufy_body_composition,2026-06-13,0,success,
2026-06-13T22:07:59.290756,weekly_training_zones,2026-06-13,0,success,
2026-06-13T22:07:59.306594,recovery_trends,2026-06-13,1,success,
2026-06-13T22:07:59.311884,telegram_data,2026-06-13,0,failed,'food'
2026-06-14T22:15:33.001033,activities,2026-06-14,0,success,
2026-06-14T22:15:44.730236,health,2026-06-14,1,success,
2026-06-14T22:15:49.885746,physiological,2026-06-14,1,success,
2026-06-14T22:15:50.032991,eufy_body_composition,2026-06-14,0,success,
2026-06-14T22:15:51.323276,weekly_training_zones,2026-06-14,0,success,
2026-06-14T22:15:51.339158,recovery_trends,2026-06-14,1,success,
2026-06-14T22:15:51.344569,telegram_data,2026-06-14,0,failed,'food'
2026-06-15T23:04:14.047318,activities,2026-06-15,0,success,
2026-06-15T23:04:26.674219,health,2026-06-15,1,success,
2026-06-15T23:04:31.822587,physiological,2026-06-15,1,success,
2026-06-15T23:04:31.975483,eufy_body_composition,2026-06-15,0,success,
2026-06-15T23:04:32.351250,weekly_training_zones,2026-06-15,1,success,
2026-06-15T23:04:32.363516,recovery_trends,2026-06-15,1,success,
2026-06-15T23:04:32.367582,telegram_data,2026-06-15,0,failed,'food'
2026-06-16T22:54:05.441580,activities,2026-06-16,0,success,
2026-06-16T22:54:17.391100,health,2026-06-16,1,success,
2026-06-16T22:54:22.255112,physiological,2026-06-16,1,success,
2026-06-16T22:54:22.356757,eufy_body_composition,2026-06-16,0,success,
2026-06-16T22:54:22.872404,weekly_training_zones,2026-06-16,0,success,
2026-06-16T22:54:22.887643,recovery_trends,2026-06-16,1,success,
2026-06-16T22:54:22.893018,telegram_data,2026-06-16,0,failed,'food'
2026-06-17T22:46:45.614553,activities,2026-06-17,0,success,
2026-06-17T22:47:00.599251,health,2026-06-17,1,success,
2026-06-17T22:47:07.315060,physiological,2026-06-17,1,success,
2026-06-17T22:47:07.534358,eufy_body_composition,2026-06-17,0,success,
2026-06-17T22:47:08.528290,weekly_training_zones,2026-06-17,0,success,
2026-06-17T22:47:08.537340,recovery_trends,2026-06-17,1,success,
2026-06-17T22:47:08.540286,telegram_data,2026-06-17,0,failed,'food'
2026-06-18T22:56:54.639528,activities,2026-06-18,0,success,
2026-06-18T22:57:05.461353,health,2026-06-18,1,success,
2026-06-18T22:57:09.489795,physiological,2026-06-18,1,success,
2026-06-18T22:57:09.650390,eufy_body_composition,2026-06-18,0,success,
2026-06-18T22:57:10.221094,weekly_training_zones,2026-06-18,0,success,
2026-06-18T22:57:10.237677,recovery_trends,2026-06-18,1,success,
2026-06-18T22:57:10.243146,telegram_data,2026-06-18,0,failed,'food'
2026-06-19T22:07:20.184790,activities,2026-06-19,0,success,
2026-06-19T22:07:32.640991,health,2026-06-19,1,success,
2026-06-19T22:07:37.507983,physiological,2026-06-19,1,success,
2026-06-19T22:07:37.564875,eufy_body_composition,2026-06-19,0,success,
2026-06-19T22:07:38.479713,weekly_training_zones,2026-06-19,0,success,
2026-06-19T22:07:38.496688,recovery_trends,2026-06-19,1,success,
2026-06-19T22:07:38.502275,telegram_data,2026-06-19,0,failed,'food'
2026-06-20T22:12:52.872253,activities,2026-06-20,0,success,
2026-06-20T22:13:07.473123,health,2026-06-20,1,success,
2026-06-20T22:13:13.958104,physiological,2026-06-20,1,success,
2026-06-20T22:13:14.068276,eufy_body_composition,2026-06-20,0,success,
2026-06-20T22:13:15.483777,weekly_training_zones,2026-06-20,0,success,
2026-06-20T22:13:15.500315,recovery_trends,2026-06-20,1,success,
2026-06-20T22:13:15.506033,telegram_data,2026-06-20,0,failed,'food'
2026-06-21T22:16:40.952630,activities,2026-06-21,0,success,
2026-06-21T22:16:50.757115,health,2026-06-21,1,success,
2026-06-21T22:16:54.815790,physiological,2026-06-21,1,success,
2026-06-21T22:16:54.978432,eufy_body_composition,2026-06-21,0,success,
2026-06-21T22:16:55.877133,weekly_training_zones,2026-06-21,0,success,
2026-06-21T22:16:55.893760,recovery_trends,2026-06-21,1,success,
2026-06-21T22:16:55.899277,telegram_data,2026-06-21,0,failed,'food'
2026-06-22T22:48:59.411828,activities,2026-06-22,0,success,
2026-06-22T22:49:13.369736,health,2026-06-22,1,success,
2026-06-22T22:49:19.138171,physiological,2026-06-22,1,success,
2026-06-22T22:49:19.258230,eufy_body_composition,2026-06-22,0,success,
2026-06-22T22:49:19.360478,weekly_training_zones,2026-06-22,1,success,
2026-06-22T22:49:19.375656,recovery_trends,2026-06-22,1,success,
2026-06-22T22:49:19.380889,telegram_data,2026-06-22,0,failed,'food'
2026-06-23T22:17:14.757674,activities,2026-06-23,0,success,
2026-06-23T22:17:28.533581,health,2026-06-23,1,success,
2026-06-23T22:17:34.333620,physiological,2026-06-23,1,success,
2026-06-23T22:17:34.451874,eufy_body_composition,2026-06-23,0,success,
2026-06-23T22:17:34.907806,weekly_training_zones,2026-06-23,0,success,
2026-06-23T22:17:34.921187,recovery_trends,2026-06-23,1,success,
2026-06-23T22:17:34.925876,telegram_data,2026-06-23,0,failed,'food'
2026-06-24T22:20:53.493487,activities,2026-06-24,0,success,
2026-06-24T22:21:07.286984,health,2026-06-24,1,success,
2026-06-24T22:21:13.606553,physiological,2026-06-24,1,success,
2026-06-24T22:21:13.654209,eufy_body_composition,2026-06-24,0,success,
2026-06-24T22:21:14.076024,weekly_training_zones,2026-06-24,0,success,
2026-06-24T22:21:14.092458,recovery_trends,2026-06-24,1,success,
2026-06-24T22:21:14.097966,telegram_data,2026-06-24,0,failed,'food'
2026-06-25T22:22:49.429133,activities,2026-06-25,0,success,
2026-06-25T22:23:01.715910,health,2026-06-25,1,success,
2026-06-25T22:23:08.211480,physiological,2026-06-25,1,success,
2026-06-25T22:23:08.255347,eufy_body_composition,2026-06-25,0,success,
2026-06-25T22:23:09.114680,weekly_training_zones,2026-06-25,0,success,
2026-06-25T22:23:09.131006,recovery_trends,2026-06-25,1,success,
2026-06-25T22:23:09.136670,telegram_data,2026-06-25,0,failed,'food'
2026-06-26T22:16:46.899998,activities,2026-06-26,1,success,
2026-06-26T22:16:57.079730,health,2026-06-26,1,success,
2026-06-26T22:17:01.436709,physiological,2026-06-26,1,success,
2026-06-26T22:17:01.530813,eufy_body_composition,2026-06-26,0,success,
2026-06-26T22:17:02.489464,weekly_training_zones,2026-06-26,0,success,
2026-06-26T22:17:02.507043,recovery_trends,2026-06-26,1,success,
2026-06-26T22:17:02.512772,telegram_data,2026-06-26,0,failed,'food'
2026-06-27T22:05:50.838978,activities,2026-06-27,3,success,
2026-06-27T22:06:02.629944,health,2026-06-27,1,success,
2026-06-27T22:06:07.924066,physiological,2026-06-27,1,success,
2026-06-27T22:06:08.074267,eufy_body_composition,2026-06-27,0,success,
2026-06-27T22:06:09.173729,weekly_training_zones,2026-06-27,0,success,
2026-06-27T22:06:09.191977,recovery_trends,2026-06-27,1,success,
2026-06-27T22:06:09.197916,telegram_data,2026-06-27,0,failed,'food'
2026-06-28T22:04:35.641432,activities,2026-06-28,0,success,
2026-06-28T22:04:47.231680,health,2026-06-28,1,success,
2026-06-28T22:04:52.276123,physiological,2026-06-28,1,success,
2026-06-28T22:04:52.374977,eufy_body_composition,2026-06-28,0,success,
2026-06-28T22:04:53.518193,weekly_training_zones,2026-06-28,0,success,
2026-06-28T22:04:53.549421,recovery_trends,2026-06-28,1,success,
2026-06-28T22:04:53.555133,telegram_data,2026-06-28,0,failed,'food'
2026-06-29T22:11:28.546505,activities,2026-06-29,0,success,
2026-06-29T22:11:42.401647,health,2026-06-29,1,success,
2026-06-29T22:11:48.709544,physiological,2026-06-29,1,success,
2026-06-29T22:11:48.809841,eufy_body_composition,2026-06-29,0,success,
2026-06-29T22:11:48.945139,weekly_training_zones,2026-06-29,1,success,
2026-06-29T22:11:48.975076,recovery_trends,2026-06-29,1,success,
2026-06-29T22:11:48.980977,telegram_data,2026-06-29,0,failed,'food'
2026-06-30T22:17:14.118342,activities,2026-06-30,0,success,
2026-06-30T22:17:25.007353,health,2026-06-30,1,success,
2026-06-30T22:17:31.170667,physiological,2026-06-30,1,success,
2026-06-30T22:17:31.319843,eufy_body_composition,2026-06-30,0,success,
2026-06-30T22:17:31.430988,weekly_training_zones,2026-06-30,0,success,
2026-06-30T22:17:31.468745,recovery_trends,2026-06-30,1,success,
2026-06-30T22:17:31.474864,telegram_data,2026-06-30,0,failed,'food'
2026-07-01T22:20:15.889907,activities,2026-07-01,0,success,
2026-07-01T22:20:27.849936,health,2026-07-01,1,success,
2026-07-01T22:20:33.255590,physiological,2026-07-01,1,success,
2026-07-01T22:20:33.407614,eufy_body_composition,2026-07-01,0,success,
2026-07-01T22:20:33.776007,weekly_training_zones,2026-07-01,0,success,
2026-07-01T22:20:33.793392,recovery_trends,2026-07-01,1,success,
2026-07-01T22:20:33.799007,telegram_data,2026-07-01,0,failed,'food'
2026-07-02T22:10:52.094778,activities,2026-07-02,2,success,
2026-07-02T22:11:08.017767,health,2026-07-02,1,success,
2026-07-02T22:11:13.753955,physiological,2026-07-02,1,success,
2026-07-02T22:11:13.896564,eufy_body_composition,2026-07-02,0,success,
2026-07-02T22:11:14.681708,weekly_training_zones,2026-07-02,0,success,
2026-07-02T22:11:14.698257,recovery_trends,2026-07-02,1,success,
2026-07-02T22:11:14.704178,telegram_data,2026-07-02,0,failed,'food'
2026-07-03T22:07:47.771133,activities,2026-07-03,0,success,
2026-07-03T22:08:00.169679,health,2026-07-03,1,success,
2026-07-03T22:08:06.649511,physiological,2026-07-03,1,success,
2026-07-03T22:08:06.804369,eufy_body_composition,2026-07-03,0,success,
2026-07-03T22:08:07.830272,weekly_training_zones,2026-07-03,0,success,
2026-07-03T22:08:07.846167,recovery_trends,2026-07-03,1,success,
2026-07-03T22:08:07.851453,telegram_data,2026-07-03,0,failed,'food'
2026-07-04T22:01:45.892135,activities,2026-07-04,0,success,
2026-07-04T22:01:58.215983,health,2026-07-04,1,success,
2026-07-04T22:02:04.215013,physiological,2026-07-04,1,success,
2026-07-04T22:02:04.331292,eufy_body_composition,2026-07-04,0,success,
2026-07-04T22:02:05.442023,weekly_training_zones,2026-07-04,0,success,
2026-07-04T22:02:05.457680,recovery_trends,2026-07-04,1,success,
2026-07-04T22:02:05.463211,telegram_data,2026-07-04,0,failed,'food'
2026-07-05T22:04:22.104488,activities,2026-07-05,1,success,
2026-07-05T22:04:34.421479,health,2026-07-05,1,success,
2026-07-05T22:04:39.396526,physiological,2026-07-05,1,success,
2026-07-05T22:04:39.464011,eufy_body_composition,2026-07-05,0,success,
2026-07-05T22:04:40.691583,weekly_training_zones,2026-07-05,0,success,
2026-07-05T22:04:40.709034,recovery_trends,2026-07-05,1,success,
2026-07-05T22:04:40.714704,telegram_data,2026-07-05,0,failed,'food'
2026-07-06T22:15:48.019535,activities,2026-07-06,1,success,
2026-07-06T22:15:58.214479,health,2026-07-06,1,success,
2026-07-06T22:16:02.946724,physiological,2026-07-06,1,success,
2026-07-06T22:16:03.058995,eufy_body_composition,2026-07-06,0,success,
2026-07-06T22:16:03.364545,weekly_training_zones,2026-07-06,1,success,
2026-07-06T22:16:03.381891,recovery_trends,2026-07-06,1,success,
2026-07-06T22:16:03.387620,telegram_data,2026-07-06,0,failed,'food'
2026-07-07T22:12:35.248542,activities,2026-07-07,0,success,
2026-07-07T22:12:48.605071,health,2026-07-07,1,success,
2026-07-07T22:12:53.518358,physiological,2026-07-07,1,success,
2026-07-07T22:12:53.662048,eufy_body_composition,2026-07-07,0,success,
2026-07-07T22:12:54.029024,weekly_training_zones,2026-07-07,0,success,
2026-07-07T22:12:54.046048,recovery_trends,2026-07-07,1,success,
2026-07-07T22:12:54.051786,telegram_data,2026-07-07,0,failed,'food'
2026-07-08T22:10:38.554215,activities,2026-07-08,0,success,
2026-07-08T22:10:52.709556,health,2026-07-08,1,success,
2026-07-08T22:10:59.443385,physiological,2026-07-08,1,success,
2026-07-08T22:10:59.601532,eufy_body_composition,2026-07-08,0,success,
2026-07-08T22:11:00.044272,weekly_training_zones,2026-07-08,0,success,
2026-07-08T22:11:00.060172,recovery_trends,2026-07-08,1,success,
2026-07-08T22:11:00.065875,telegram_data,2026-07-08,0,failed,'food'
2026-07-09T22:25:32.917628,activities,2026-07-09,3,success,
2026-07-09T22:25:45.751065,health,2026-07-09,1,success,
2026-07-09T22:25:50.856589,physiological,2026-07-09,1,success,
2026-07-09T22:25:50.910163,eufy_body_composition,2026-07-09,0,success,
2026-07-09T22:25:51.586730,weekly_training_zones,2026-07-09,0,success,
2026-07-09T22:25:51.604137,recovery_trends,2026-07-09,1,success,
2026-07-09T22:25:51.610064,telegram_data,2026-07-09,0,failed,'food'
2026-07-10T22:07:56.918459,activities,2026-07-10,0,success,
2026-07-10T22:08:10.384029,health,2026-07-10,1,success,
2026-07-10T22:08:15.799125,physiological,2026-07-10,1,success,
2026-07-10T22:08:15.853804,eufy_body_composition,2026-07-10,0,success,
2026-07-10T22:08:16.657282,weekly_training_zones,2026-07-10,0,success,
2026-07-10T22:08:16.675747,recovery_trends,2026-07-10,1,success,
2026-07-10T22:08:16.682470,telegram_data,2026-07-10,0,failed,'food'
2026-07-11T21:53:50.861265,activities,2026-07-11,0,success,
2026-07-11T21:54:17.687154,health,2026-07-11,1,success,
2026-07-11T21:54:23.919813,physiological,2026-07-11,1,success,
2026-07-11T21:54:24.001405,eufy_body_composition,2026-07-11,0,success,
2026-07-11T21:54:24.714409,weekly_training_zones,2026-07-11,0,success,
2026-07-11T21:54:24.732759,recovery_trends,2026-07-11,1,success,
2026-07-11T21:54:24.739632,telegram_data,2026-07-11,0,failed,'food'
2026-07-12T21:55:39.871900,activities,2026-07-12,1,success,
2026-07-12T21:55:51.255824,health,2026-07-12,1,success,
2026-07-12T21:55:56.433241,physiological,2026-07-12,1,success,
2026-07-12T21:55:56.536004,eufy_body_composition,2026-07-12,0,success,
2026-07-12T21:55:57.503734,weekly_training_zones,2026-07-12,0,success,
2026-07-12T21:55:57.516759,recovery_trends,2026-07-12,1,success,
2026-07-12T21:55:57.521986,telegram_data,2026-07-12,0,failed,'food'
2026-07-13T21:59:53.115738,activities,2026-07-13,0,success,
2026-07-13T22:00:37.931264,health,2026-07-13,1,success,
2026-07-13T22:00:44.156965,physiological,2026-07-13,1,success,
2026-07-13T22:00:44.269713,eufy_body_composition,2026-07-13,0,success,
2026-07-13T22:00:44.365612,weekly_training_zones,2026-07-13,1,success,
2026-07-13T22:00:44.384011,recovery_trends,2026-07-13,1,success,
2026-07-13T22:00:44.390935,telegram_data,2026-07-13,0,failed,'food'
2026-07-14T22:01:33.943393,activities,2026-07-14,0,success,
2026-07-14T22:01:50.689692,health,2026-07-14,1,success,
2026-07-14T22:01:58.942856,physiological,2026-07-14,1,success,
2026-07-14T22:01:59.043848,eufy_body_composition,2026-07-14,0,success,
2026-07-14T22:01:59.201379,weekly_training_zones,2026-07-14,0,success,
2026-07-14T22:01:59.219312,recovery_trends,2026-07-14,1,success,
2026-07-14T22:01:59.225875,telegram_data,2026-07-14,0,failed,'food'
2026-07-15T22:04:34.074635,activities,2026-07-15,0,success,
2026-07-15T22:04:44.529891,health,2026-07-15,1,success,
2026-07-15T22:04:48.894746,physiological,2026-07-15,1,success,
2026-07-15T22:04:48.991597,eufy_body_composition,2026-07-15,0,success,
2026-07-15T22:04:49.469164,weekly_training_zones,2026-07-15,0,success,
2026-07-15T22:04:49.485930,recovery_trends,2026-07-15,1,success,
2026-07-15T22:04:49.492340,telegram_data,2026-07-15,0,failed,'food'
2026-07-16T22:05:32.081306,activities,2026-07-16,1,success,
2026-07-16T22:05:45.342042,health,2026-07-16,1,success,
2026-07-16T22:05:50.630974,physiological,2026-07-16,1,success,
2026-07-16T22:05:50.728365,eufy_body_composition,2026-07-16,0,success,
2026-07-16T22:05:51.932147,weekly_training_zones,2026-07-16,0,success,
2026-07-16T22:05:51.948726,recovery_trends,2026-07-16,1,success,
2026-07-16T22:05:51.955427,telegram_data,2026-07-16,0,failed,'food'
2026-07-17T21:56:16.238503,activities,2026-07-17,0,success,
2026-07-17T21:56:28.373821,health,2026-07-17,1,success,
2026-07-17T21:56:33.375858,physiological,2026-07-17,1,success,
2026-07-17T21:56:33.447312,eufy_body_composition,2026-07-17,0,success,
2026-07-17T21:56:34.411644,weekly_training_zones,2026-07-17,0,success,
2026-07-17T21:56:34.429361,recovery_trends,2026-07-17,1,success,
2026-07-17T21:56:34.436139,telegram_data,2026-07-17,0,failed,'food'
2026-07-18T21:54:31.713087,activities,2026-07-18,1,success,
2026-07-18T21:54:46.984926,health,2026-07-18,1,success,
2026-07-18T21:54:53.242472,physiological,2026-07-18,1,success,
2026-07-18T21:54:53.324318,eufy_body_composition,2026-07-18,0,success,
2026-07-18T21:54:54.544129,weekly_training_zones,2026-07-18,0,success,
2026-07-18T21:54:54.557706,recovery_trends,2026-07-18,1,success,
2026-07-18T21:54:54.563411,telegram_data,2026-07-18,0,failed,'food'
2026-07-19T21:56:57.302846,activities,2026-07-19,0,success,
2026-07-19T21:57:09.401812,health,2026-07-19,1,success,
2026-07-19T21:57:14.374651,physiological,2026-07-19,1,success,
2026-07-19T21:57:14.524225,eufy_body_composition,2026-07-19,0,success,
2026-07-19T21:57:15.461427,weekly_training_zones,2026-07-19,0,success,
2026-07-19T21:57:15.479394,recovery_trends,2026-07-19,1,success,
2026-07-19T21:57:15.486423,telegram_data,2026-07-19,0,failed,'food'
